
ÔòÉÔòÉÔòÉÔòÉÔòÉÔòÉÔòÉÔòÉÔòÉÔòÉÔòÉÔòÉÔòÉÔòÉÔòÉÔòÉÔòÉÔòÉÔòÉÔòÉÔòÉÔòÉÔòÉÔòÉÔòÉÔòÉÔòÉÔòÉÔòÉÔòÉÔòÉÔòÉÔòÉÔòÉÔòÉÔòÉÔòÉÔòÉÔòÉ
  ­şòî NurZeka - K├╝lliyat Scraper v3.0 (Full Text & Clean)
  ­şôï Mod: TAM
ÔòÉÔòÉÔòÉÔòÉÔòÉÔòÉÔòÉÔòÉÔòÉÔòÉÔòÉÔòÉÔòÉÔòÉÔòÉÔòÉÔòÉÔòÉÔòÉÔòÉÔòÉÔòÉÔòÉÔòÉÔòÉÔòÉÔòÉÔòÉÔòÉÔòÉÔòÉÔòÉÔòÉÔòÉÔòÉÔòÉÔòÉÔòÉÔòÉ

­şôÜ K├£LLIYAT SCRAPING BA┼ŞLIYOR (TAM MET─░N - TEM─░Z)...


­şôû Kitap: S├Âzler
  ­şôÑ https://sorularlarisale.com/risale-i-nur-kulliyati/sozler
  ­şöı Container found for TOC: html not-front not-logged-in no-sidebars page-taxonomy page-taxonomy-term page-taxonomy-term- page-taxonomy-term-2615 i18n-tr
  ­şöù Links found: 35. First 3: [ 'Birinci S├Âz', '─░kinci S├Âz', '├£├ğ├╝nc├╝ S├Âz' ]
  ­şôï 35 b├Âl├╝m bulundu
  Ô¼ç´©Å  [1/35] ─░ndiriliyor: Birinci S├Âz...
  ­şôÑ https://sorularlarisale.com/risale-i-nur-kulliyati/sozler/birinci-soz
  ­şôÑ https://sorularlarisale.com/risale-i-nur-kulliyati/sozler/birinci-soz/28
  ­şôÑ https://sorularlarisale.com/risale-i-nur-kulliyati/sozler/birinci-soz/29
node :   ÔÜá´©Å Pagination jump detected (Slug mismatch): birinci-soz 
-> https://sorularlarisale.com/risale-i-nur-kulliyati/sozler/ikinci-so
z/41. Stopping chapter.
At line:1 char:341
+ ... ver.log 2>&1; node backend/scraper/main-scraper.js > scraper.log
 2>&1
+                   ~~~~~~~~~~~~~~~~~~~~~~~~~~~~~~~~~~~~~~~~~~~~~~~~~~
~~~~~
    + CategoryInfo          : NotSpecified: (  ÔÜá´©Å Pagina...opping 
    chapter.:String) [], RemoteException
    + FullyQualifiedErrorId : NativeCommandError
 
  Ô£à Kaydedildi: 001-birinci-soz.md (5772 karakter)
  Ô¼ç´©Å  [2/35] ─░ndiriliyor: ─░kinci S├Âz...
  ­şôÑ https://sorularlarisale.com/risale-i-nur-kulliyati/sozler/ikinci-soz
  ­şôÑ https://sorularlarisale.com/risale-i-nur-kulliyati/sozler/ikinci-soz/42
  ­şôÑ https://sorularlarisale.com/risale-i-nur-kulliyati/sozler/ikinci-soz/43
  ÔÜá´©Å Pagination jump detected (Slug mismatch): ikinci-soz -> https
://sorularlarisale.com/risale-i-nur-kulliyati/sozler/ucuncu-soz/44. St
opping chapter.
  Ô£à Kaydedildi: 002-ikinci-soz.md (4189 karakter)
  Ô¼ç´©Å  [3/35] ─░ndiriliyor: ├£├ğ├╝nc├╝ S├Âz...
  ­şôÑ https://sorularlarisale.com/risale-i-nur-kulliyati/sozler/ucuncu-soz
  ­şôÑ https://sorularlarisale.com/risale-i-nur-kulliyati/sozler/ucuncu-soz/45
  ­şôÑ https://sorularlarisale.com/risale-i-nur-kulliyati/sozler/ucuncu-soz/46
  ÔÜá´©Å Pagination jump detected (Slug mismatch): ucuncu-soz -> https
://sorularlarisale.com/risale-i-nur-kulliyati/sozler/dorduncu-soz/47. 
Stopping chapter.
  Ô£à Kaydedildi: 003-ucuncu-soz.md (4530 karakter)
  Ô¼ç´©Å  [4/35] ─░ndiriliyor: D├Ârd├╝nc├╝ S├Âz...
  ­şôÑ https://sorularlarisale.com/risale-i-nur-kulliyati/sozler/dorduncu-soz
  ­şôÑ https://sorularlarisale.com/risale-i-nur-kulliyati/sozler/dorduncu-soz/48
  ÔÜá´©Å Pagination jump detected (Slug mismatch): dorduncu-soz -> htt
ps://sorularlarisale.com/risale-i-nur-kulliyati/sozler/besinci-soz/49.
 Stopping chapter.
  Ô£à Kaydedildi: 004-dorduncu-soz.md (3592 karakter)
  Ô¼ç´©Å  [5/35] ─░ndiriliyor: Be┼şinci S├Âz...
  ­şôÑ https://sorularlarisale.com/risale-i-nur-kulliyati/sozler/besinci-soz
  ­şôÑ https://sorularlarisale.com/risale-i-nur-kulliyati/sozler/besinci-soz/50
  ­şôÑ https://sorularlarisale.com/risale-i-nur-kulliyati/sozler/besinci-soz/51
  ÔÜá´©Å Pagination jump detected (Slug mismatch): besinci-soz -> http
s://sorularlarisale.com/risale-i-nur-kulliyati/sozler/altinci-soz/52. 
Stopping chapter.
  Ô£à Kaydedildi: 005-besinci-soz.md (5027 karakter)
  Ô¼ç´©Å  [6/35] ─░ndiriliyor: Alt─▒nc─▒ S├Âz...
  ­şôÑ https://sorularlarisale.com/risale-i-nur-kulliyati/sozler/altinci-soz
  ­şôÑ https://sorularlarisale.com/risale-i-nur-kulliyati/sozler/altinci-soz/53
  ­şôÑ https://sorularlarisale.com/risale-i-nur-kulliyati/sozler/altinci-soz/54
  ­şôÑ https://sorularlarisale.com/risale-i-nur-kulliyati/sozler/altinci-soz/55
  ­şôÑ https://sorularlarisale.com/risale-i-nur-kulliyati/sozler/altinci-soz/56
  ÔÜá´©Å Pagination jump detected (Slug mismatch): altinci-soz -> http
s://sorularlarisale.com/risale-i-nur-kulliyati/sozler/yedinci-soz/57. 
Stopping chapter.
  Ô£à Kaydedildi: 006-altinci-soz.md (8862 karakter)
  Ô¼ç´©Å  [7/35] ─░ndiriliyor: Yedinci S├Âz...
  ­şôÑ https://sorularlarisale.com/risale-i-nur-kulliyati/sozler/yedinci-soz
  ­şôÑ https://sorularlarisale.com/risale-i-nur-kulliyati/sozler/yedinci-soz/58
  ­şôÑ https://sorularlarisale.com/risale-i-nur-kulliyati/sozler/yedinci-soz/59
  ­şôÑ https://sorularlarisale.com/risale-i-nur-kulliyati/sozler/yedinci-soz/60
  ­şôÑ https://sorularlarisale.com/risale-i-nur-kulliyati/sozler/yedinci-soz/61
  ÔÜá´©Å Pagination jump detected (Slug mismatch): yedinci-soz -> http
s://sorularlarisale.com/risale-i-nur-kulliyati/sozler/sekizinci-soz/62
. Stopping chapter.
  Ô£à Kaydedildi: 007-yedinci-soz.md (9923 karakter)
  Ô¼ç´©Å  [8/35] ─░ndiriliyor: Sekizinci S├Âz...
  ­şôÑ https://sorularlarisale.com/risale-i-nur-kulliyati/sozler/sekizinci-soz
  ­şôÑ https://sorularlarisale.com/risale-i-nur-kulliyati/sozler/sekizinci-soz/63
  ­şôÑ https://sorularlarisale.com/risale-i-nur-kulliyati/sozler/sekizinci-soz/64
  ­şôÑ https://sorularlarisale.com/risale-i-nur-kulliyati/sozler/sekizinci-soz/65
  ­şôÑ https://sorularlarisale.com/risale-i-nur-kulliyati/sozler/sekizinci-soz/66
  ­şôÑ https://sorularlarisale.com/risale-i-nur-kulliyati/sozler/sekizinci-soz/67
  ­şôÑ https://sorularlarisale.com/risale-i-nur-kulliyati/sozler/sekizinci-soz/68
  ÔÜá´©Å Pagination jump detected (Slug mismatch): sekizinci-soz -> ht
tps://sorularlarisale.com/risale-i-nur-kulliyati/sozler/dokuzuncu-soz/
70. Stopping chapter.
  Ô£à Kaydedildi: 008-sekizinci-soz.md (15242 karakter)
  Ô¼ç´©Å  [9/35] ─░ndiriliyor: Dokuzuncu S├Âz...
  ­şôÑ https://sorularlarisale.com/risale-i-nur-kulliyati/sozler/dokuzuncu-soz
  ­şôÑ https://sorularlarisale.com/risale-i-nur-kulliyati/sozler/dokuzuncu-soz/71
  ­şôÑ https://sorularlarisale.com/risale-i-nur-kulliyati/sozler/dokuzuncu-soz/72
  ­şôÑ https://sorularlarisale.com/risale-i-nur-kulliyati/sozler/dokuzuncu-soz/73
  ­şôÑ https://sorularlarisale.com/risale-i-nur-kulliyati/sozler/dokuzuncu-soz/74
  ­şôÑ https://sorularlarisale.com/risale-i-nur-kulliyati/sozler/dokuzuncu-soz/75
  ­şôÑ https://sorularlarisale.com/risale-i-nur-kulliyati/sozler/dokuzuncu-soz/76
  ­şôÑ https://sorularlarisale.com/risale-i-nur-kulliyati/sozler/dokuzuncu-soz/77
  ­şôÑ https://sorularlarisale.com/risale-i-nur-kulliyati/sozler/dokuzuncu-soz/78
  ­şôÑ https://sorularlarisale.com/risale-i-nur-kulliyati/sozler/dokuzuncu-soz/79
  ­şôÑ https://sorularlarisale.com/risale-i-nur-kulliyati/sozler/dokuzuncu-soz/80
  ÔÜá´©Å Pagination jump detected (Slug mismatch): dokuzuncu-soz -> ht
tps://sorularlarisale.com/risale-i-nur-kulliyati/sozler/onuncu-soz/82.
 Stopping chapter.
  Ô£à Kaydedildi: 009-dokuzuncu-soz.md (18431 karakter)
  Ô¼ç´©Å  [10/35] ─░ndiriliyor: Onuncu S├Âz...
  ­şôÑ https://sorularlarisale.com/risale-i-nur-kulliyati/sozler/onuncu-soz
  ­şôÑ https://sorularlarisale.com/risale-i-nur-kulliyati/sozler/onuncu-soz/83
  ­şôÑ https://sorularlarisale.com/risale-i-nur-kulliyati/sozler/onuncu-soz/84
  ­şôÑ https://sorularlarisale.com/risale-i-nur-kulliyati/sozler/onuncu-soz/85
  ­şôÑ https://sorularlarisale.com/risale-i-nur-kulliyati/sozler/onuncu-soz/86
  ­şôÑ https://sorularlarisale.com/risale-i-nur-kulliyati/sozler/onuncu-soz/87
  ­şôÑ https://sorularlarisale.com/risale-i-nur-kulliyati/sozler/onuncu-soz/88
  ­şôÑ https://sorularlarisale.com/risale-i-nur-kulliyati/sozler/onuncu-soz/89
  ­şôÑ https://sorularlarisale.com/risale-i-nur-kulliyati/sozler/onuncu-soz/90
  ­şôÑ https://sorularlarisale.com/risale-i-nur-kulliyati/sozler/onuncu-soz/91
  ­şôÑ https://sorularlarisale.com/risale-i-nur-kulliyati/sozler/onuncu-soz/92
  ­şôÑ https://sorularlarisale.com/risale-i-nur-kulliyati/sozler/onuncu-soz/93
  ­şôÑ https://sorularlarisale.com/risale-i-nur-kulliyati/sozler/onuncu-soz/94
  ­şôÑ https://sorularlarisale.com/risale-i-nur-kulliyati/sozler/onuncu-soz/95
  ­şôÑ https://sorularlarisale.com/risale-i-nur-kulliyati/sozler/onuncu-soz/96
  ­şôÑ https://sorularlarisale.com/risale-i-nur-kulliyati/sozler/onuncu-soz/97
  ­şôÑ https://sorularlarisale.com/risale-i-nur-kulliyati/sozler/onuncu-soz/98
  ­şôÑ https://sorularlarisale.com/risale-i-nur-kulliyati/sozler/onuncu-soz/99
  ­şôÑ https://sorularlarisale.com/risale-i-nur-kulliyati/sozler/onuncu-soz/100
  ­şôÑ https://sorularlarisale.com/risale-i-nur-kulliyati/sozler/onuncu-soz/101
  ­şôÑ https://sorularlarisale.com/risale-i-nur-kulliyati/sozler/onuncu-soz/102
  ­şôÑ https://sorularlarisale.com/risale-i-nur-kulliyati/sozler/onuncu-soz/103
  ­şôÑ https://sorularlarisale.com/risale-i-nur-kulliyati/sozler/onuncu-soz/104
  ­şôÑ https://sorularlarisale.com/risale-i-nur-kulliyati/sozler/onuncu-soz/105
  ­şôÑ https://sorularlarisale.com/risale-i-nur-kulliyati/sozler/onuncu-soz/106
  ­şôÑ https://sorularlarisale.com/risale-i-nur-kulliyati/sozler/onuncu-soz/107
  ­şôÑ https://sorularlarisale.com/risale-i-nur-kulliyati/sozler/onuncu-soz/108
  ­şôÑ https://sorularlarisale.com/risale-i-nur-kulliyati/sozler/onuncu-soz/109
  ­şôÑ https://sorularlarisale.com/risale-i-nur-kulliyati/sozler/onuncu-soz/110
  ­şôÑ https://sorularlarisale.com/risale-i-nur-kulliyati/sozler/onuncu-soz/111
  ­şôÑ https://sorularlarisale.com/risale-i-nur-kulliyati/sozler/onuncu-soz/112
  ­şôÑ https://sorularlarisale.com/risale-i-nur-kulliyati/sozler/onuncu-soz/113
  ­şôÑ https://sorularlarisale.com/risale-i-nur-kulliyati/sozler/onuncu-soz/114
  ­şôÑ https://sorularlarisale.com/risale-i-nur-kulliyati/sozler/onuncu-soz/115
  ­şôÑ https://sorularlarisale.com/risale-i-nur-kulliyati/sozler/onuncu-soz/116
  ­şôÑ https://sorularlarisale.com/risale-i-nur-kulliyati/sozler/onuncu-soz/117
  ­şôÑ https://sorularlarisale.com/risale-i-nur-kulliyati/sozler/onuncu-soz/118
  ­şôÑ https://sorularlarisale.com/risale-i-nur-kulliyati/sozler/onuncu-soz/119
  ­şôÑ https://sorularlarisale.com/risale-i-nur-kulliyati/sozler/onuncu-soz/120
  ­şôÑ https://sorularlarisale.com/risale-i-nur-kulliyati/sozler/onuncu-soz/121
  ­şôÑ https://sorularlarisale.com/risale-i-nur-kulliyati/sozler/onuncu-soz/122
  ­şôÑ https://sorularlarisale.com/risale-i-nur-kulliyati/sozler/onuncu-soz/123
  ­şôÑ https://sorularlarisale.com/risale-i-nur-kulliyati/sozler/onuncu-soz/124
  ­şôÑ https://sorularlarisale.com/risale-i-nur-kulliyati/sozler/onuncu-soz/125
  ­şôÑ https://sorularlarisale.com/risale-i-nur-kulliyati/sozler/onuncu-soz/126
  ­şôÑ https://sorularlarisale.com/risale-i-nur-kulliyati/sozler/onuncu-soz/127
  ­şôÑ https://sorularlarisale.com/risale-i-nur-kulliyati/sozler/onuncu-soz/128
  ­şôÑ https://sorularlarisale.com/risale-i-nur-kulliyati/sozler/onuncu-soz/129
  ­şôÑ https://sorularlarisale.com/risale-i-nur-kulliyati/sozler/onuncu-soz/130
  ­şôÑ https://sorularlarisale.com/risale-i-nur-kulliyati/sozler/onuncu-soz/131
  ­şôÑ https://sorularlarisale.com/risale-i-nur-kulliyati/sozler/onuncu-soz/132
  ­şôÑ https://sorularlarisale.com/risale-i-nur-kulliyati/sozler/onuncu-soz/133
  ­şôÑ https://sorularlarisale.com/risale-i-nur-kulliyati/sozler/onuncu-soz/134
  ­şôÑ https://sorularlarisale.com/risale-i-nur-kulliyati/sozler/onuncu-soz/135
  ­şôÑ https://sorularlarisale.com/risale-i-nur-kulliyati/sozler/onuncu-soz/136
  ­şôÑ https://sorularlarisale.com/risale-i-nur-kulliyati/sozler/onuncu-soz/137
  ­şôÑ https://sorularlarisale.com/risale-i-nur-kulliyati/sozler/onuncu-soz/138
  ­şôÑ https://sorularlarisale.com/risale-i-nur-kulliyati/sozler/onuncu-soz/139
  ­şôÑ https://sorularlarisale.com/risale-i-nur-kulliyati/sozler/onuncu-soz/140
  ­şôÑ https://sorularlarisale.com/risale-i-nur-kulliyati/sozler/onuncu-soz/141
  ­şôÑ https://sorularlarisale.com/risale-i-nur-kulliyati/sozler/onuncu-soz/142
  ­şôÑ https://sorularlarisale.com/risale-i-nur-kulliyati/sozler/onuncu-soz/143
  Ô£à Kaydedildi: 010-onuncu-soz.md (155114 karakter)
  Ô¼ç´©Å  [11/35] ─░ndiriliyor: On Birinci S├Âz...
  ­şôÑ https://sorularlarisale.com/risale-i-nur-kulliyati/sozler/on-birinci-soz
  ­şôÑ https://sorularlarisale.com/risale-i-nur-kulliyati/sozler/on-birinci-soz/178
  ­şôÑ https://sorularlarisale.com/risale-i-nur-kulliyati/sozler/on-birinci-soz/179
  ­şôÑ https://sorularlarisale.com/risale-i-nur-kulliyati/sozler/on-birinci-soz/180
  ­şôÑ https://sorularlarisale.com/risale-i-nur-kulliyati/sozler/on-birinci-soz/181
  ­şôÑ https://sorularlarisale.com/risale-i-nur-kulliyati/sozler/on-birinci-soz/182
  ­şôÑ https://sorularlarisale.com/risale-i-nur-kulliyati/sozler/on-birinci-soz/183
  ­şôÑ https://sorularlarisale.com/risale-i-nur-kulliyati/sozler/on-birinci-soz/184
  ­şôÑ https://sorularlarisale.com/risale-i-nur-kulliyati/sozler/on-birinci-soz/185
  ­şôÑ https://sorularlarisale.com/risale-i-nur-kulliyati/sozler/on-birinci-soz/186
  ­şôÑ https://sorularlarisale.com/risale-i-nur-kulliyati/sozler/on-birinci-soz/187
  ­şôÑ https://sorularlarisale.com/risale-i-nur-kulliyati/sozler/on-birinci-soz/188
  ­şôÑ https://sorularlarisale.com/risale-i-nur-kulliyati/sozler/on-birinci-soz/189
  ­şôÑ https://sorularlarisale.com/risale-i-nur-kulliyati/sozler/on-birinci-soz/190
  ÔÜá´©Å Pagination jump detected (Slug mismatch): on-birinci-soz -> h
ttps://sorularlarisale.com/risale-i-nur-kulliyati/sozler/on-ikinci-soz
/191. Stopping chapter.
  Ô£à Kaydedildi: 011-on-birinci-soz.md (23389 karakter)
  Ô¼ç´©Å  [12/35] ─░ndiriliyor: On ─░kinci S├Âz...
  ­şôÑ https://sorularlarisale.com/risale-i-nur-kulliyati/sozler/on-ikinci-soz
  ­şôÑ https://sorularlarisale.com/risale-i-nur-kulliyati/sozler/on-ikinci-soz/192
  ­şôÑ https://sorularlarisale.com/risale-i-nur-kulliyati/sozler/on-ikinci-soz/193
  ­şôÑ https://sorularlarisale.com/risale-i-nur-kulliyati/sozler/on-ikinci-soz/194
  ­şôÑ https://sorularlarisale.com/risale-i-nur-kulliyati/sozler/on-ikinci-soz/195
  ­şôÑ https://sorularlarisale.com/risale-i-nur-kulliyati/sozler/on-ikinci-soz/196
  ­şôÑ https://sorularlarisale.com/risale-i-nur-kulliyati/sozler/on-ikinci-soz/197
  ­şôÑ https://sorularlarisale.com/risale-i-nur-kulliyati/sozler/on-ikinci-soz/198
  ­şôÑ https://sorularlarisale.com/risale-i-nur-kulliyati/sozler/on-ikinci-soz/199
  Ô£à Kaydedildi: 012-on-ikinci-soz.md (16695 karakter)
  Ô¼ç´©Å  [13/35] ─░ndiriliyor: On ├£├ğ├╝nc├╝ S├Âz...
  ­şôÑ https://sorularlarisale.com/risale-i-nur-kulliyati/sozler/on-ucuncu-soz
  ­şôÑ https://sorularlarisale.com/risale-i-nur-kulliyati/sozler/on-ucuncu-soz/201
  ­şôÑ https://sorularlarisale.com/risale-i-nur-kulliyati/sozler/on-ucuncu-soz/202
  ­şôÑ https://sorularlarisale.com/risale-i-nur-kulliyati/sozler/on-ucuncu-soz/203
  ­şôÑ https://sorularlarisale.com/risale-i-nur-kulliyati/sozler/on-ucuncu-soz/204
  ­şôÑ https://sorularlarisale.com/risale-i-nur-kulliyati/sozler/on-ucuncu-soz/205
  ­şôÑ https://sorularlarisale.com/risale-i-nur-kulliyati/sozler/on-ucuncu-soz/206
  ­şôÑ https://sorularlarisale.com/risale-i-nur-kulliyati/sozler/on-ucuncu-soz/ikinci-makam/207
  ­şôÑ https://sorularlarisale.com/risale-i-nur-kulliyati/sozler/on-ucuncu-soz/ikinci-makam/208
  ­şôÑ https://sorularlarisale.com/risale-i-nur-kulliyati/sozler/on-ucuncu-soz/ikinci-makam/209
  ­şôÑ https://sorularlarisale.com/risale-i-nur-kulliyati/sozler/on-ucuncu-soz/ikinci-makam/210
  ­şôÑ https://sorularlarisale.com/risale-i-nur-kulliyati/sozler/on-ucuncu-soz/ikinci-makam/211
  ­şôÑ https://sorularlarisale.com/risale-i-nur-kulliyati/sozler/on-ucuncu-soz/ikinci-makam/212
  ­şôÑ https://sorularlarisale.com/risale-i-nur-kulliyati/sozler/on-ucuncu-soz/ikinci-makam/213
  ­şôÑ https://sorularlarisale.com/risale-i-nur-kulliyati/sozler/on-ucuncu-soz/ikinci-makam/214
  ­şôÑ https://sorularlarisale.com/risale-i-nur-kulliyati/sozler/on-ucuncu-soz/ikinci-makam/215
  ­şôÑ https://sorularlarisale.com/risale-i-nur-kulliyati/sozler/on-ucuncu-soz/ikinci-makam/216
  ­şôÑ https://sorularlarisale.com/risale-i-nur-kulliyati/sozler/on-ucuncu-soz/ikinci-makam/217
  ­şôÑ https://sorularlarisale.com/risale-i-nur-kulliyati/sozler/on-ucuncu-soz/ikinci-makam/218
  ­şôÑ https://sorularlarisale.com/risale-i-nur-kulliyati/sozler/on-ucuncu-soz/ikinci-makam/219
  ­şôÑ https://sorularlarisale.com/risale-i-nur-kulliyati/sozler/on-ucuncu-soz/ikinci-makam/220
  ­şôÑ https://sorularlarisale.com/risale-i-nur-kulliyati/sozler/on-ucuncu-soz/ikinci-makam/221
  Ô£à Kaydedildi: 013-on-ucuncu-soz.md (42502 karakter)
  Ô¼ç´©Å  [14/35] ─░ndiriliyor: On D├Ârd├╝nc├╝ S├Âz...
  ­şôÑ https://sorularlarisale.com/risale-i-nur-kulliyati/sozler/on-dorduncu-soz
  ­şôÑ https://sorularlarisale.com/risale-i-nur-kulliyati/sozler/on-dorduncu-soz/232
  ­şôÑ https://sorularlarisale.com/risale-i-nur-kulliyati/sozler/on-dorduncu-soz/233
  ­şôÑ https://sorularlarisale.com/risale-i-nur-kulliyati/sozler/on-dorduncu-soz/234
  ­şôÑ https://sorularlarisale.com/risale-i-nur-kulliyati/sozler/on-dorduncu-soz/235
  ­şôÑ https://sorularlarisale.com/risale-i-nur-kulliyati/sozler/on-dorduncu-soz/236
  ­şôÑ https://sorularlarisale.com/risale-i-nur-kulliyati/sozler/on-dorduncu-soz/237
  ­şôÑ https://sorularlarisale.com/risale-i-nur-kulliyati/sozler/on-dorduncu-soz/238
  ­şôÑ https://sorularlarisale.com/risale-i-nur-kulliyati/sozler/on-dorduncu-soz/hatime/239
  ­şôÑ https://sorularlarisale.com/risale-i-nur-kulliyati/sozler/on-dorduncu-soz/hatime/240
  ­şôÑ https://sorularlarisale.com/risale-i-nur-kulliyati/sozler/on-dorduncu-soz/on-dorduncu-sozun-zeyli/241
  ­şôÑ https://sorularlarisale.com/risale-i-nur-kulliyati/sozler/on-dorduncu-soz/on-dorduncu-sozun-zeyli/242
  ­şôÑ https://sorularlarisale.com/risale-i-nur-kulliyati/sozler/on-dorduncu-soz/on-dorduncu-sozun-zeyli/243
  ­şôÑ https://sorularlarisale.com/risale-i-nur-kulliyati/sozler/on-dorduncu-soz/on-dorduncu-sozun-zeyli/244
  ­şôÑ https://sorularlarisale.com/risale-i-nur-kulliyati/sozler/on-dorduncu-soz/on-dorduncu-sozun-zeyli/245
  ­şôÑ https://sorularlarisale.com/risale-i-nur-kulliyati/sozler/on-dorduncu-soz/on-dorduncu-sozun-zeyli/246
  ­şôÑ https://sorularlarisale.com/risale-i-nur-kulliyati/sozler/on-dorduncu-soz/on-dorduncu-sozun-zeyli/247
  ÔÜá´©Å Pagination jump detected (Slug mismatch): on-dorduncu-soz -> 
https://sorularlarisale.com/risale-i-nur-kulliyati/sozler/on-besinci-s
oz/248. Stopping chapter.
  Ô£à Kaydedildi: 014-on-dorduncu-soz.md (29192 karakter)
  Ô¼ç´©Å  [15/35] ─░ndiriliyor: On Be┼şinci S├Âz...
  ­şôÑ https://sorularlarisale.com/risale-i-nur-kulliyati/sozler/on-besinci-soz
  ­şôÑ https://sorularlarisale.com/risale-i-nur-kulliyati/sozler/on-besinci-soz/249
  ­şôÑ https://sorularlarisale.com/risale-i-nur-kulliyati/sozler/on-besinci-soz/250
  ­şôÑ https://sorularlarisale.com/risale-i-nur-kulliyati/sozler/on-besinci-soz/251
  ­şôÑ https://sorularlarisale.com/risale-i-nur-kulliyati/sozler/on-besinci-soz/252
  ­şôÑ https://sorularlarisale.com/risale-i-nur-kulliyati/sozler/on-besinci-soz/253
  ­şôÑ https://sorularlarisale.com/risale-i-nur-kulliyati/sozler/on-besinci-soz/254
  ­şôÑ https://sorularlarisale.com/risale-i-nur-kulliyati/sozler/on-besinci-soz/255
  ­şôÑ https://sorularlarisale.com/risale-i-nur-kulliyati/sozler/on-besinci-soz/256
  ­şôÑ https://sorularlarisale.com/risale-i-nur-kulliyati/sozler/on-besinci-soz/257
  Ô£à Kaydedildi: 015-on-besinci-soz.md (19103 karakter)
  Ô¼ç´©Å  [16/35] ─░ndiriliyor: On Alt─▒nc─▒ S├Âz...
  ­şôÑ https://sorularlarisale.com/risale-i-nur-kulliyati/sozler/on-altinci-soz
  ­şôÑ https://sorularlarisale.com/risale-i-nur-kulliyati/sozler/on-altinci-soz/272
  ­şôÑ https://sorularlarisale.com/risale-i-nur-kulliyati/sozler/on-altinci-soz/273
  ­şôÑ https://sorularlarisale.com/risale-i-nur-kulliyati/sozler/on-altinci-soz/274
  ­şôÑ https://sorularlarisale.com/risale-i-nur-kulliyati/sozler/on-altinci-soz/275
  ­şôÑ https://sorularlarisale.com/risale-i-nur-kulliyati/sozler/on-altinci-soz/276
  ­şôÑ https://sorularlarisale.com/risale-i-nur-kulliyati/sozler/on-altinci-soz/277
  ­şôÑ https://sorularlarisale.com/risale-i-nur-kulliyati/sozler/on-altinci-soz/278
  ­şôÑ https://sorularlarisale.com/risale-i-nur-kulliyati/sozler/on-altinci-soz/279
  ­şôÑ https://sorularlarisale.com/risale-i-nur-kulliyati/sozler/on-altinci-soz/280
  ­şôÑ https://sorularlarisale.com/risale-i-nur-kulliyati/sozler/on-altinci-soz/281
  Ô£à Kaydedildi: 016-on-altinci-soz.md (22250 karakter)
  Ô¼ç´©Å  [17/35] ─░ndiriliyor: On Yedinci S├Âz...
  ­şôÑ https://sorularlarisale.com/risale-i-nur-kulliyati/sozler/on-yedinci-soz
  ­şôÑ https://sorularlarisale.com/risale-i-nur-kulliyati/sozler/on-yedinci-soz/284
  ­şôÑ https://sorularlarisale.com/risale-i-nur-kulliyati/sozler/on-yedinci-soz/285
  ­şôÑ https://sorularlarisale.com/risale-i-nur-kulliyati/sozler/on-yedinci-soz/286
  ­şôÑ https://sorularlarisale.com/risale-i-nur-kulliyati/sozler/on-yedinci-soz/on-yedinci-sozun-ikinci-makami/287
  ­şôÑ https://sorularlarisale.com/risale-i-nur-kulliyati/sozler/on-yedinci-soz/on-yedinci-sozun-ikinci-makami/288
  ­şôÑ https://sorularlarisale.com/risale-i-nur-kulliyati/sozler/on-yedinci-soz/on-yedinci-sozun-ikinci-makami/289
  ­şôÑ https://sorularlarisale.com/risale-i-nur-kulliyati/sozler/on-yedinci-soz/on-yedinci-sozun-ikinci-makami/290
  ­şôÑ https://sorularlarisale.com/risale-i-nur-kulliyati/sozler/on-yedinci-soz/on-yedinci-sozun-ikinci-makami/291
  ­şôÑ https://sorularlarisale.com/risale-i-nur-kulliyati/sozler/on-yedinci-soz/on-yedinci-sozun-ikinci-makami/292
  ­şôÑ https://sorularlarisale.com/risale-i-nur-kulliyati/sozler/on-yedinci-soz/on-yedinci-sozun-ikinci-makami/293
  ­şôÑ https://sorularlarisale.com/risale-i-nur-kulliyati/sozler/on-yedinci-soz/on-yedinci-sozun-ikinci-makami/294
  ­şôÑ https://sorularlarisale.com/risale-i-nur-kulliyati/sozler/on-yedinci-soz/on-yedinci-sozun-ikinci-makami/295
  ­şôÑ https://sorularlarisale.com/risale-i-nur-kulliyati/sozler/on-yedinci-soz/on-yedinci-sozun-ikinci-makami/296
  ­şôÑ https://sorularlarisale.com/risale-i-nur-kulliyati/sozler/on-yedinci-soz/on-yedinci-sozun-ikinci-makami/297
  ­şôÑ https://sorularlarisale.com/risale-i-nur-kulliyati/sozler/on-yedinci-soz/on-yedinci-sozun-ikinci-makami/298
  ­şôÑ https://sorularlarisale.com/risale-i-nur-kulliyati/sozler/on-yedinci-soz/on-yedinci-sozun-ikinci-makami/299
  ­şôÑ https://sorularlarisale.com/risale-i-nur-kulliyati/sozler/on-yedinci-soz/on-yedinci-sozun-ikinci-makami/300
  ­şôÑ https://sorularlarisale.com/risale-i-nur-kulliyati/sozler/on-yedinci-soz/on-yedinci-sozun-ikinci-makami/301
  ­şôÑ https://sorularlarisale.com/risale-i-nur-kulliyati/sozler/on-yedinci-soz/on-yedinci-sozun-ikinci-makami/302
  ­şôÑ https://sorularlarisale.com/risale-i-nur-kulliyati/sozler/on-yedinci-soz/on-yedinci-sozun-ikinci-makami/303
  ­şôÑ https://sorularlarisale.com/risale-i-nur-kulliyati/sozler/on-yedinci-soz/on-yedinci-sozun-ikinci-makami/304
  ­şôÑ https://sorularlarisale.com/risale-i-nur-kulliyati/sozler/on-yedinci-soz/on-yedinci-sozun-ikinci-makami/305
  ­şôÑ https://sorularlarisale.com/risale-i-nur-kulliyati/sozler/on-yedinci-soz/on-yedinci-sozun-ikinci-makami/306
  ­şôÑ https://sorularlarisale.com/risale-i-nur-kulliyati/sozler/on-yedinci-soz/on-yedinci-sozun-ikinci-makami/307
  ­şôÑ https://sorularlarisale.com/risale-i-nur-kulliyati/sozler/on-yedinci-soz/on-yedinci-sozun-ikinci-makami/308
  ­şôÑ https://sorularlarisale.com/risale-i-nur-kulliyati/sozler/on-yedinci-soz/on-yedinci-sozun-ikinci-makami/309
  ­şôÑ https://sorularlarisale.com/risale-i-nur-kulliyati/sozler/on-yedinci-soz/on-yedinci-sozun-ikinci-makami/310
  ­şôÑ https://sorularlarisale.com/risale-i-nur-kulliyati/sozler/on-yedinci-soz/on-yedinci-sozun-ikinci-makami/311
  ­şôÑ https://sorularlarisale.com/risale-i-nur-kulliyati/sozler/on-yedinci-soz/on-yedinci-sozun-ikinci-makami/312
  ÔÜá´©Å Pagination jump detected (Slug mismatch): on-yedinci-soz -> h
ttps://sorularlarisale.com/risale-i-nur-kulliyati/sozler/on-sekizinci-
soz/313. Stopping chapter.
  Ô£à Kaydedildi: 017-on-yedinci-soz.md (43675 karakter)
  Ô¼ç´©Å  [18/35] ─░ndiriliyor: On Sekizinci S├Âz...
  ­şôÑ https://sorularlarisale.com/risale-i-nur-kulliyati/sozler/on-sekizinci-soz
  ­şôÑ https://sorularlarisale.com/risale-i-nur-kulliyati/sozler/on-sekizinci-soz/314
  ­şôÑ https://sorularlarisale.com/risale-i-nur-kulliyati/sozler/on-sekizinci-soz/315
  ­şôÑ https://sorularlarisale.com/risale-i-nur-kulliyati/sozler/on-sekizinci-soz/316
  ­şôÑ https://sorularlarisale.com/risale-i-nur-kulliyati/sozler/on-sekizinci-soz/317
  ­şôÑ https://sorularlarisale.com/risale-i-nur-kulliyati/sozler/on-sekizinci-soz/318
  Ô£à Kaydedildi: 018-on-sekizinci-soz.md (9827 karakter)
  Ô¼ç´©Å  [19/35] ─░ndiriliyor: On Dokuzuncu S├Âz...
  ­şôÑ https://sorularlarisale.com/risale-i-nur-kulliyati/sozler/on-dokuzuncu-soz
  ­şôÑ https://sorularlarisale.com/risale-i-nur-kulliyati/sozler/on-dokuzuncu-soz/320
  ­şôÑ https://sorularlarisale.com/risale-i-nur-kulliyati/sozler/on-dokuzuncu-soz/321
  ­şôÑ https://sorularlarisale.com/risale-i-nur-kulliyati/sozler/on-dokuzuncu-soz/322
  ­şôÑ https://sorularlarisale.com/risale-i-nur-kulliyati/sozler/on-dokuzuncu-soz/323
  ­şôÑ https://sorularlarisale.com/risale-i-nur-kulliyati/sozler/on-dokuzuncu-soz/324
  ­şôÑ https://sorularlarisale.com/risale-i-nur-kulliyati/sozler/on-dokuzuncu-soz/325
  ­şôÑ https://sorularlarisale.com/risale-i-nur-kulliyati/sozler/on-dokuzuncu-soz/326
  ­şôÑ https://sorularlarisale.com/risale-i-nur-kulliyati/sozler/on-dokuzuncu-soz/327
  ­şôÑ https://sorularlarisale.com/risale-i-nur-kulliyati/sozler/on-dokuzuncu-soz/328
  ­şôÑ https://sorularlarisale.com/risale-i-nur-kulliyati/sozler/on-dokuzuncu-soz/329
  ­şôÑ https://sorularlarisale.com/risale-i-nur-kulliyati/sozler/on-dokuzuncu-soz/330
  ­şôÑ https://sorularlarisale.com/risale-i-nur-kulliyati/sozler/on-dokuzuncu-soz/331
  ­şôÑ https://sorularlarisale.com/risale-i-nur-kulliyati/sozler/on-dokuzuncu-soz/332
  Ô£à Kaydedildi: 019-on-dokuzuncu-soz.md (28271 karakter)
  Ô¼ç´©Å  [20/35] ─░ndiriliyor: Yirminci S├Âz...
  ­şôÑ https://sorularlarisale.com/risale-i-nur-kulliyati/sozler/yirminci-soz
  ­şôÑ https://sorularlarisale.com/risale-i-nur-kulliyati/sozler/yirminci-soz/334
  ­şôÑ https://sorularlarisale.com/risale-i-nur-kulliyati/sozler/yirminci-soz/335
  ­şôÑ https://sorularlarisale.com/risale-i-nur-kulliyati/sozler/yirminci-soz/336
  ­şôÑ https://sorularlarisale.com/risale-i-nur-kulliyati/sozler/yirminci-soz/337
  ­şôÑ https://sorularlarisale.com/risale-i-nur-kulliyati/sozler/yirminci-soz/338
  ­şôÑ https://sorularlarisale.com/risale-i-nur-kulliyati/sozler/yirminci-soz/339
  ­şôÑ https://sorularlarisale.com/risale-i-nur-kulliyati/sozler/yirminci-soz/340
  ­şôÑ https://sorularlarisale.com/risale-i-nur-kulliyati/sozler/yirminci-soz/341
  Ô£à Kaydedildi: 020-yirminci-soz.md (19022 karakter)
  Ô¼ç´©Å  [21/35] ─░ndiriliyor: Yirmi Birinci S├Âz...
  ­şôÑ https://sorularlarisale.com/risale-i-nur-kulliyati/sozler/yirmi-birinci-soz
  ­şôÑ https://sorularlarisale.com/risale-i-nur-kulliyati/sozler/yirmi-birinci-soz/363
  ­şôÑ https://sorularlarisale.com/risale-i-nur-kulliyati/sozler/yirmi-birinci-soz/364
  ­şôÑ https://sorularlarisale.com/risale-i-nur-kulliyati/sozler/yirmi-birinci-soz/365
  ­şôÑ https://sorularlarisale.com/risale-i-nur-kulliyati/sozler/yirmi-birinci-soz/366
  ­şôÑ https://sorularlarisale.com/risale-i-nur-kulliyati/sozler/yirmi-birinci-soz/367
  Ô£à Kaydedildi: 021-yirmi-birinci-soz.md (13375 karakter)
  Ô¼ç´©Å  [22/35] ─░ndiriliyor: Yirmi ─░kinci S├Âz...
  ­şôÑ https://sorularlarisale.com/risale-i-nur-kulliyati/sozler/yirmi-ikinci-soz
  ­şôÑ https://sorularlarisale.com/risale-i-nur-kulliyati/sozler/yirmi-ikinci-soz/376
  ­şôÑ https://sorularlarisale.com/risale-i-nur-kulliyati/sozler/yirmi-ikinci-soz/377
  ­şôÑ https://sorularlarisale.com/risale-i-nur-kulliyati/sozler/yirmi-ikinci-soz/378
  ­şôÑ https://sorularlarisale.com/risale-i-nur-kulliyati/sozler/yirmi-ikinci-soz/379
  ­şôÑ https://sorularlarisale.com/risale-i-nur-kulliyati/sozler/yirmi-ikinci-soz/380
  ­şôÑ https://sorularlarisale.com/risale-i-nur-kulliyati/sozler/yirmi-ikinci-soz/381
  ­şôÑ https://sorularlarisale.com/risale-i-nur-kulliyati/sozler/yirmi-ikinci-soz/382
  ­şôÑ https://sorularlarisale.com/risale-i-nur-kulliyati/sozler/yirmi-ikinci-soz/383
  ­şôÑ https://sorularlarisale.com/risale-i-nur-kulliyati/sozler/yirmi-ikinci-soz/384
  ­şôÑ https://sorularlarisale.com/risale-i-nur-kulliyati/sozler/yirmi-ikinci-soz/385
  ­şôÑ https://sorularlarisale.com/risale-i-nur-kulliyati/sozler/yirmi-ikinci-soz/386
  ­şôÑ https://sorularlarisale.com/risale-i-nur-kulliyati/sozler/yirmi-ikinci-soz/387
  ­şôÑ https://sorularlarisale.com/risale-i-nur-kulliyati/sozler/yirmi-ikinci-soz/388
  Ô£à Kaydedildi: 022-yirmi-ikinci-soz.md (39773 karakter)
  Ô¼ç´©Å  [23/35] ─░ndiriliyor: Yirmi ├£├ğ├╝nc├╝ S├Âz...
  ­şôÑ https://sorularlarisale.com/risale-i-nur-kulliyati/sozler/yirmi-ucuncu-soz
  ­şôÑ https://sorularlarisale.com/risale-i-nur-kulliyati/sozler/yirmi-ucuncu-soz/418
  ­şôÑ https://sorularlarisale.com/risale-i-nur-kulliyati/sozler/yirmi-ucuncu-soz/419
  ­şôÑ https://sorularlarisale.com/risale-i-nur-kulliyati/sozler/yirmi-ucuncu-soz/420
  ­şôÑ https://sorularlarisale.com/risale-i-nur-kulliyati/sozler/yirmi-ucuncu-soz/421
  ­şôÑ https://sorularlarisale.com/risale-i-nur-kulliyati/sozler/yirmi-ucuncu-soz/422
  ­şôÑ https://sorularlarisale.com/risale-i-nur-kulliyati/sozler/yirmi-ucuncu-soz/423
  ­şôÑ https://sorularlarisale.com/risale-i-nur-kulliyati/sozler/yirmi-ucuncu-soz/424
  ­şôÑ https://sorularlarisale.com/risale-i-nur-kulliyati/sozler/yirmi-ucuncu-soz/425
  ­şôÑ https://sorularlarisale.com/risale-i-nur-kulliyati/sozler/yirmi-ucuncu-soz/426
  ­şôÑ https://sorularlarisale.com/risale-i-nur-kulliyati/sozler/yirmi-ucuncu-soz/427
  ­şôÑ https://sorularlarisale.com/risale-i-nur-kulliyati/sozler/yirmi-ucuncu-soz/428
  ­şôÑ https://sorularlarisale.com/risale-i-nur-kulliyati/sozler/yirmi-ucuncu-soz/429
  ­şôÑ https://sorularlarisale.com/risale-i-nur-kulliyati/sozler/yirmi-ucuncu-soz/430
  ­şôÑ https://sorularlarisale.com/risale-i-nur-kulliyati/sozler/yirmi-ucuncu-soz/431
  ­şôÑ https://sorularlarisale.com/risale-i-nur-kulliyati/sozler/yirmi-ucuncu-soz/432
  ­şôÑ https://sorularlarisale.com/risale-i-nur-kulliyati/sozler/yirmi-ucuncu-soz/433
  ­şôÑ https://sorularlarisale.com/risale-i-nur-kulliyati/sozler/yirmi-ucuncu-soz/434
  ­şôÑ https://sorularlarisale.com/risale-i-nur-kulliyati/sozler/yirmi-ucuncu-soz/435
  ­şôÑ https://sorularlarisale.com/risale-i-nur-kulliyati/sozler/yirmi-ucuncu-soz/436
  ­şôÑ https://sorularlarisale.com/risale-i-nur-kulliyati/sozler/yirmi-ucuncu-soz/437
  ­şôÑ https://sorularlarisale.com/risale-i-nur-kulliyati/sozler/yirmi-ucuncu-soz/438
  ­şôÑ https://sorularlarisale.com/risale-i-nur-kulliyati/sozler/yirmi-ucuncu-soz/439
  ­şôÑ https://sorularlarisale.com/risale-i-nur-kulliyati/sozler/yirmi-ucuncu-soz/440
  ­şôÑ https://sorularlarisale.com/risale-i-nur-kulliyati/sozler/yirmi-ucuncu-soz/441
  ­şôÑ https://sorularlarisale.com/risale-i-nur-kulliyati/sozler/yirmi-ucuncu-soz/442
  ­şôÑ https://sorularlarisale.com/risale-i-nur-kulliyati/sozler/yirmi-ucuncu-soz/443
  Ô£à Kaydedildi: 023-yirmi-ucuncu-soz.md (57572 karakter)
  Ô¼ç´©Å  [24/35] ─░ndiriliyor: Yirmi D├Ârd├╝nc├╝ S├Âz...
  ­şôÑ https://sorularlarisale.com/risale-i-nur-kulliyati/sozler/yirmi-dorduncu-soz
  ­şôÑ https://sorularlarisale.com/risale-i-nur-kulliyati/sozler/yirmi-dorduncu-soz/445
  ­şôÑ https://sorularlarisale.com/risale-i-nur-kulliyati/sozler/yirmi-dorduncu-soz/446
  ­şôÑ https://sorularlarisale.com/risale-i-nur-kulliyati/sozler/yirmi-dorduncu-soz/447
  ­şôÑ https://sorularlarisale.com/risale-i-nur-kulliyati/sozler/yirmi-dorduncu-soz/448
  ­şôÑ https://sorularlarisale.com/risale-i-nur-kulliyati/sozler/yirmi-dorduncu-soz/449
  ­şôÑ https://sorularlarisale.com/risale-i-nur-kulliyati/sozler/yirmi-dorduncu-soz/450
  ­şôÑ https://sorularlarisale.com/risale-i-nur-kulliyati/sozler/yirmi-dorduncu-soz/451
  ­şôÑ https://sorularlarisale.com/risale-i-nur-kulliyati/sozler/yirmi-dorduncu-soz/452
  ­şôÑ https://sorularlarisale.com/risale-i-nur-kulliyati/sozler/yirmi-dorduncu-soz/453
  ­şôÑ https://sorularlarisale.com/risale-i-nur-kulliyati/sozler/yirmi-dorduncu-soz/454
  ­şôÑ https://sorularlarisale.com/risale-i-nur-kulliyati/sozler/yirmi-dorduncu-soz/455
  ­şôÑ https://sorularlarisale.com/risale-i-nur-kulliyati/sozler/yirmi-dorduncu-soz/456
  ­şôÑ https://sorularlarisale.com/risale-i-nur-kulliyati/sozler/yirmi-dorduncu-soz/457
  ­şôÑ https://sorularlarisale.com/risale-i-nur-kulliyati/sozler/yirmi-dorduncu-soz/458
  ­şôÑ https://sorularlarisale.com/risale-i-nur-kulliyati/sozler/yirmi-dorduncu-soz/459
  ­şôÑ https://sorularlarisale.com/risale-i-nur-kulliyati/sozler/yirmi-dorduncu-soz/460
  ­şôÑ https://sorularlarisale.com/risale-i-nur-kulliyati/sozler/yirmi-dorduncu-soz/461
  ­şôÑ https://sorularlarisale.com/risale-i-nur-kulliyati/sozler/yirmi-dorduncu-soz/462
  ­şôÑ https://sorularlarisale.com/risale-i-nur-kulliyati/sozler/yirmi-dorduncu-soz/463
  ­şôÑ https://sorularlarisale.com/risale-i-nur-kulliyati/sozler/yirmi-dorduncu-soz/464
  ­şôÑ https://sorularlarisale.com/risale-i-nur-kulliyati/sozler/yirmi-dorduncu-soz/465
  ­şôÑ https://sorularlarisale.com/risale-i-nur-kulliyati/sozler/yirmi-dorduncu-soz/466
  ­şôÑ https://sorularlarisale.com/risale-i-nur-kulliyati/sozler/yirmi-dorduncu-soz/467
  ­şôÑ https://sorularlarisale.com/risale-i-nur-kulliyati/sozler/yirmi-dorduncu-soz/468
  ­şôÑ https://sorularlarisale.com/risale-i-nur-kulliyati/sozler/yirmi-dorduncu-soz/469
  ­şôÑ https://sorularlarisale.com/risale-i-nur-kulliyati/sozler/yirmi-dorduncu-soz/470
  ­şôÑ https://sorularlarisale.com/risale-i-nur-kulliyati/sozler/yirmi-dorduncu-soz/471
  ­şôÑ https://sorularlarisale.com/risale-i-nur-kulliyati/sozler/yirmi-dorduncu-soz/472
  ­şôÑ https://sorularlarisale.com/risale-i-nur-kulliyati/sozler/yirmi-dorduncu-soz/473
  ­şôÑ https://sorularlarisale.com/risale-i-nur-kulliyati/sozler/yirmi-dorduncu-soz/474
  ­şôÑ https://sorularlarisale.com/risale-i-nur-kulliyati/sozler/yirmi-dorduncu-soz/475
  ­şôÑ https://sorularlarisale.com/risale-i-nur-kulliyati/sozler/yirmi-dorduncu-soz/476
  ­şôÑ https://sorularlarisale.com/risale-i-nur-kulliyati/sozler/yirmi-dorduncu-soz/477
  ­şôÑ https://sorularlarisale.com/risale-i-nur-kulliyati/sozler/yirmi-dorduncu-soz/478
  ­şôÑ https://sorularlarisale.com/risale-i-nur-kulliyati/sozler/yirmi-dorduncu-soz/479
  ­şôÑ https://sorularlarisale.com/risale-i-nur-kulliyati/sozler/yirmi-dorduncu-soz/480
  ­şôÑ https://sorularlarisale.com/risale-i-nur-kulliyati/sozler/yirmi-dorduncu-soz/481
  ­şôÑ https://sorularlarisale.com/risale-i-nur-kulliyati/sozler/yirmi-dorduncu-soz/482
  ­şôÑ https://sorularlarisale.com/risale-i-nur-kulliyati/sozler/yirmi-dorduncu-soz/483
  ­şôÑ https://sorularlarisale.com/risale-i-nur-kulliyati/sozler/yirmi-dorduncu-soz/484
  ­şôÑ https://sorularlarisale.com/risale-i-nur-kulliyati/sozler/yirmi-dorduncu-soz/485
  ­şôÑ https://sorularlarisale.com/risale-i-nur-kulliyati/sozler/yirmi-dorduncu-soz/486
  ­şôÑ https://sorularlarisale.com/risale-i-nur-kulliyati/sozler/yirmi-dorduncu-soz/487
  Ô£à Kaydedildi: 024-yirmi-dorduncu-soz.md (103592 karakter)
  Ô¼ç´©Å  [25/35] ─░ndiriliyor: Yirmi Be┼şinci S├Âz...
  ­şôÑ https://sorularlarisale.com/risale-i-nur-kulliyati/sozler/yirmi-besinci-soz
  ­şôÑ https://sorularlarisale.com/risale-i-nur-kulliyati/sozler/yirmi-besinci-soz/490
  ­şôÑ https://sorularlarisale.com/risale-i-nur-kulliyati/sozler/yirmi-besinci-soz/491
  ­şôÑ https://sorularlarisale.com/risale-i-nur-kulliyati/sozler/yirmi-besinci-soz/492
  ­şôÑ https://sorularlarisale.com/risale-i-nur-kulliyati/sozler/yirmi-besinci-soz/493
  ­şôÑ https://sorularlarisale.com/risale-i-nur-kulliyati/sozler/yirmi-besinci-soz/494
  ­şôÑ https://sorularlarisale.com/risale-i-nur-kulliyati/sozler/yirmi-besinci-soz/495
  ­şôÑ https://sorularlarisale.com/risale-i-nur-kulliyati/sozler/yirmi-besinci-soz/496
  ­şôÑ https://sorularlarisale.com/risale-i-nur-kulliyati/sozler/yirmi-besinci-soz/497
  ­şôÑ https://sorularlarisale.com/risale-i-nur-kulliyati/sozler/yirmi-besinci-soz/498
  ­şôÑ https://sorularlarisale.com/risale-i-nur-kulliyati/sozler/yirmi-besinci-soz/499
  ­şôÑ https://sorularlarisale.com/risale-i-nur-kulliyati/sozler/yirmi-besinci-soz/500
  ­şôÑ https://sorularlarisale.com/risale-i-nur-kulliyati/sozler/yirmi-besinci-soz/501
  ­şôÑ https://sorularlarisale.com/risale-i-nur-kulliyati/sozler/yirmi-besinci-soz/502
  ­şôÑ https://sorularlarisale.com/risale-i-nur-kulliyati/sozler/yirmi-besinci-soz/503
  ­şôÑ https://sorularlarisale.com/risale-i-nur-kulliyati/sozler/yirmi-besinci-soz/504
  ­şôÑ https://sorularlarisale.com/risale-i-nur-kulliyati/sozler/yirmi-besinci-soz/505
  ­şôÑ https://sorularlarisale.com/risale-i-nur-kulliyati/sozler/yirmi-besinci-soz/506
  ­şôÑ https://sorularlarisale.com/risale-i-nur-kulliyati/sozler/yirmi-besinci-soz/507
  ­şôÑ https://sorularlarisale.com/risale-i-nur-kulliyati/sozler/yirmi-besinci-soz/508
  ­şôÑ https://sorularlarisale.com/risale-i-nur-kulliyati/sozler/yirmi-besinci-soz/509
  ­şôÑ https://sorularlarisale.com/risale-i-nur-kulliyati/sozler/yirmi-besinci-soz/510
  ­şôÑ https://sorularlarisale.com/risale-i-nur-kulliyati/sozler/yirmi-besinci-soz/511
  ­şôÑ https://sorularlarisale.com/risale-i-nur-kulliyati/sozler/yirmi-besinci-soz/512
  ­şôÑ https://sorularlarisale.com/risale-i-nur-kulliyati/sozler/yirmi-besinci-soz/513
  ­şôÑ https://sorularlarisale.com/risale-i-nur-kulliyati/sozler/yirmi-besinci-soz/514
  ­şôÑ https://sorularlarisale.com/risale-i-nur-kulliyati/sozler/yirmi-besinci-soz/515
  ­şôÑ https://sorularlarisale.com/risale-i-nur-kulliyati/sozler/yirmi-besinci-soz/516
  ­şôÑ https://sorularlarisale.com/risale-i-nur-kulliyati/sozler/yirmi-besinci-soz/517
  ­şôÑ https://sorularlarisale.com/risale-i-nur-kulliyati/sozler/yirmi-besinci-soz/518
  ­şôÑ https://sorularlarisale.com/risale-i-nur-kulliyati/sozler/yirmi-besinci-soz/519
  ­şôÑ https://sorularlarisale.com/risale-i-nur-kulliyati/sozler/yirmi-besinci-soz/520
  ­şôÑ https://sorularlarisale.com/risale-i-nur-kulliyati/sozler/yirmi-besinci-soz/521
  ­şôÑ https://sorularlarisale.com/risale-i-nur-kulliyati/sozler/yirmi-besinci-soz/522
  ­şôÑ https://sorularlarisale.com/risale-i-nur-kulliyati/sozler/yirmi-besinci-soz/523
  ­şôÑ https://sorularlarisale.com/risale-i-nur-kulliyati/sozler/yirmi-besinci-soz/524
  ­şôÑ https://sorularlarisale.com/risale-i-nur-kulliyati/sozler/yirmi-besinci-soz/525
  ­şôÑ https://sorularlarisale.com/risale-i-nur-kulliyati/sozler/yirmi-besinci-soz/526
  ­şôÑ https://sorularlarisale.com/risale-i-nur-kulliyati/sozler/yirmi-besinci-soz/527
  ­şôÑ https://sorularlarisale.com/risale-i-nur-kulliyati/sozler/yirmi-besinci-soz/528
  ­şôÑ https://sorularlarisale.com/risale-i-nur-kulliyati/sozler/yirmi-besinci-soz/529
  ­şôÑ https://sorularlarisale.com/risale-i-nur-kulliyati/sozler/yirmi-besinci-soz/530
  ­şôÑ https://sorularlarisale.com/risale-i-nur-kulliyati/sozler/yirmi-besinci-soz/531
  ­şôÑ https://sorularlarisale.com/risale-i-nur-kulliyati/sozler/yirmi-besinci-soz/532
  ­şôÑ https://sorularlarisale.com/risale-i-nur-kulliyati/sozler/yirmi-besinci-soz/533
  ­şôÑ https://sorularlarisale.com/risale-i-nur-kulliyati/sozler/yirmi-besinci-soz/534
  ­şôÑ https://sorularlarisale.com/risale-i-nur-kulliyati/sozler/yirmi-besinci-soz/535
  ­şôÑ https://sorularlarisale.com/risale-i-nur-kulliyati/sozler/yirmi-besinci-soz/536
  ­şôÑ https://sorularlarisale.com/risale-i-nur-kulliyati/sozler/yirmi-besinci-soz/537
  ­şôÑ https://sorularlarisale.com/risale-i-nur-kulliyati/sozler/yirmi-besinci-soz/538
  ­şôÑ https://sorularlarisale.com/risale-i-nur-kulliyati/sozler/yirmi-besinci-soz/539
  ­şôÑ https://sorularlarisale.com/risale-i-nur-kulliyati/sozler/yirmi-besinci-soz/540
  ­şôÑ https://sorularlarisale.com/risale-i-nur-kulliyati/sozler/yirmi-besinci-soz/541
  ­şôÑ https://sorularlarisale.com/risale-i-nur-kulliyati/sozler/yirmi-besinci-soz/542
  ­şôÑ https://sorularlarisale.com/risale-i-nur-kulliyati/sozler/yirmi-besinci-soz/543
  ­şôÑ https://sorularlarisale.com/risale-i-nur-kulliyati/sozler/yirmi-besinci-soz/544
  ­şôÑ https://sorularlarisale.com/risale-i-nur-kulliyati/sozler/yirmi-besinci-soz/545
  ­şôÑ https://sorularlarisale.com/risale-i-nur-kulliyati/sozler/yirmi-besinci-soz/546
  ­şôÑ https://sorularlarisale.com/risale-i-nur-kulliyati/sozler/yirmi-besinci-soz/547
  ­şôÑ https://sorularlarisale.com/risale-i-nur-kulliyati/sozler/yirmi-besinci-soz/548
  ­şôÑ https://sorularlarisale.com/risale-i-nur-kulliyati/sozler/yirmi-besinci-soz/549
  ­şôÑ https://sorularlarisale.com/risale-i-nur-kulliyati/sozler/yirmi-besinci-soz/550
  ­şôÑ https://sorularlarisale.com/risale-i-nur-kulliyati/sozler/yirmi-besinci-soz/551
  ­şôÑ https://sorularlarisale.com/risale-i-nur-kulliyati/sozler/yirmi-besinci-soz/552
  ­şôÑ https://sorularlarisale.com/risale-i-nur-kulliyati/sozler/yirmi-besinci-soz/553
  ­şôÑ https://sorularlarisale.com/risale-i-nur-kulliyati/sozler/yirmi-besinci-soz/554
  ­şôÑ https://sorularlarisale.com/risale-i-nur-kulliyati/sozler/yirmi-besinci-soz/555
  ­şôÑ https://sorularlarisale.com/risale-i-nur-kulliyati/sozler/yirmi-besinci-soz/556
  ­şôÑ https://sorularlarisale.com/risale-i-nur-kulliyati/sozler/yirmi-besinci-soz/557
  ­şôÑ https://sorularlarisale.com/risale-i-nur-kulliyati/sozler/yirmi-besinci-soz/558
  ­şôÑ https://sorularlarisale.com/risale-i-nur-kulliyati/sozler/yirmi-besinci-soz/559
  ­şôÑ https://sorularlarisale.com/risale-i-nur-kulliyati/sozler/yirmi-besinci-soz/560
  ­şôÑ https://sorularlarisale.com/risale-i-nur-kulliyati/sozler/yirmi-besinci-soz/561
  ­şôÑ https://sorularlarisale.com/risale-i-nur-kulliyati/sozler/yirmi-besinci-soz/562
  ­şôÑ https://sorularlarisale.com/risale-i-nur-kulliyati/sozler/yirmi-besinci-soz/563
  ­şôÑ https://sorularlarisale.com/risale-i-nur-kulliyati/sozler/yirmi-besinci-soz/564
  ­şôÑ https://sorularlarisale.com/risale-i-nur-kulliyati/sozler/yirmi-besinci-soz/565
  ­şôÑ https://sorularlarisale.com/risale-i-nur-kulliyati/sozler/yirmi-besinci-soz/566
  ­şôÑ https://sorularlarisale.com/risale-i-nur-kulliyati/sozler/yirmi-besinci-soz/567
  ­şôÑ https://sorularlarisale.com/risale-i-nur-kulliyati/sozler/yirmi-besinci-soz/568
  ­şôÑ https://sorularlarisale.com/risale-i-nur-kulliyati/sozler/yirmi-besinci-soz/569
  ­şôÑ https://sorularlarisale.com/risale-i-nur-kulliyati/sozler/yirmi-besinci-soz/570
  ­şôÑ https://sorularlarisale.com/risale-i-nur-kulliyati/sozler/yirmi-besinci-soz/571
  ­şôÑ https://sorularlarisale.com/risale-i-nur-kulliyati/sozler/yirmi-besinci-soz/572
  ­şôÑ https://sorularlarisale.com/risale-i-nur-kulliyati/sozler/yirmi-besinci-soz/573
  ­şôÑ https://sorularlarisale.com/risale-i-nur-kulliyati/sozler/yirmi-besinci-soz/574
  ­şôÑ https://sorularlarisale.com/risale-i-nur-kulliyati/sozler/yirmi-besinci-soz/575
  ­şôÑ https://sorularlarisale.com/risale-i-nur-kulliyati/sozler/yirmi-besinci-soz/576
  ­şôÑ https://sorularlarisale.com/risale-i-nur-kulliyati/sozler/yirmi-besinci-soz/577
  ­şôÑ https://sorularlarisale.com/risale-i-nur-kulliyati/sozler/yirmi-besinci-soz/578
  ­şôÑ https://sorularlarisale.com/risale-i-nur-kulliyati/sozler/yirmi-besinci-soz/579
  ­şôÑ https://sorularlarisale.com/risale-i-nur-kulliyati/sozler/yirmi-besinci-soz/580
  ­şôÑ https://sorularlarisale.com/risale-i-nur-kulliyati/sozler/yirmi-besinci-soz/581
  ­şôÑ https://sorularlarisale.com/risale-i-nur-kulliyati/sozler/yirmi-besinci-soz/582
  ­şôÑ https://sorularlarisale.com/risale-i-nur-kulliyati/sozler/yirmi-besinci-soz/583
  ­şôÑ https://sorularlarisale.com/risale-i-nur-kulliyati/sozler/yirmi-besinci-soz/584
  ­şôÑ https://sorularlarisale.com/risale-i-nur-kulliyati/sozler/yirmi-besinci-soz/585
  ­şôÑ https://sorularlarisale.com/risale-i-nur-kulliyati/sozler/yirmi-besinci-soz/586
  ­şôÑ https://sorularlarisale.com/risale-i-nur-kulliyati/sozler/yirmi-besinci-soz/587
  ­şôÑ https://sorularlarisale.com/risale-i-nur-kulliyati/sozler/yirmi-besinci-soz/588
  ­şôÑ https://sorularlarisale.com/risale-i-nur-kulliyati/sozler/yirmi-besinci-soz/589
  ­şôÑ https://sorularlarisale.com/risale-i-nur-kulliyati/sozler/yirmi-besinci-soz/590
  ­şôÑ https://sorularlarisale.com/risale-i-nur-kulliyati/sozler/yirmi-besinci-soz/591
  ­şôÑ https://sorularlarisale.com/risale-i-nur-kulliyati/sozler/yirmi-besinci-soz/592
  ­şôÑ https://sorularlarisale.com/risale-i-nur-kulliyati/sozler/yirmi-besinci-soz/593
  ­şôÑ https://sorularlarisale.com/risale-i-nur-kulliyati/sozler/yirmi-besinci-soz/594
  ­şôÑ https://sorularlarisale.com/risale-i-nur-kulliyati/sozler/yirmi-besinci-soz/595
  ­şôÑ https://sorularlarisale.com/risale-i-nur-kulliyati/sozler/yirmi-besinci-soz/596
  ­şôÑ https://sorularlarisale.com/risale-i-nur-kulliyati/sozler/yirmi-besinci-soz/597
  ­şôÑ https://sorularlarisale.com/risale-i-nur-kulliyati/sozler/yirmi-besinci-soz/598
  Ô£à Kaydedildi: 025-yirmi-besinci-soz.md (244076 karakter)
  Ô¼ç´©Å  [26/35] ─░ndiriliyor: Yirmi Alt─▒nc─▒ S├Âz...
  ­şôÑ https://sorularlarisale.com/risale-i-nur-kulliyati/sozler/yirmi-altinci-soz
  ­şôÑ https://sorularlarisale.com/risale-i-nur-kulliyati/sozler/yirmi-altinci-soz/624
  ­şôÑ https://sorularlarisale.com/risale-i-nur-kulliyati/sozler/yirmi-altinci-soz/625
  ­şôÑ https://sorularlarisale.com/risale-i-nur-kulliyati/sozler/yirmi-altinci-soz/626
  ­şôÑ https://sorularlarisale.com/risale-i-nur-kulliyati/sozler/yirmi-altinci-soz/627
  ­şôÑ https://sorularlarisale.com/risale-i-nur-kulliyati/sozler/yirmi-altinci-soz/628
  ­şôÑ https://sorularlarisale.com/risale-i-nur-kulliyati/sozler/yirmi-altinci-soz/629
  ­şôÑ https://sorularlarisale.com/risale-i-nur-kulliyati/sozler/yirmi-altinci-soz/630
  ­şôÑ https://sorularlarisale.com/risale-i-nur-kulliyati/sozler/yirmi-altinci-soz/631
  ­şôÑ https://sorularlarisale.com/risale-i-nur-kulliyati/sozler/yirmi-altinci-soz/632
  ­şôÑ https://sorularlarisale.com/risale-i-nur-kulliyati/sozler/yirmi-altinci-soz/633
  ­şôÑ https://sorularlarisale.com/risale-i-nur-kulliyati/sozler/yirmi-altinci-soz/634
  ­şôÑ https://sorularlarisale.com/risale-i-nur-kulliyati/sozler/yirmi-altinci-soz/635
  ­şôÑ https://sorularlarisale.com/risale-i-nur-kulliyati/sozler/yirmi-altinci-soz/636
  ­şôÑ https://sorularlarisale.com/risale-i-nur-kulliyati/sozler/yirmi-altinci-soz/637
  ­şôÑ https://sorularlarisale.com/risale-i-nur-kulliyati/sozler/yirmi-altinci-soz/638
  ­şôÑ https://sorularlarisale.com/risale-i-nur-kulliyati/sozler/yirmi-altinci-soz/639
  ­şôÑ https://sorularlarisale.com/risale-i-nur-kulliyati/sozler/yirmi-altinci-soz/640
  ­şôÑ https://sorularlarisale.com/risale-i-nur-kulliyati/sozler/yirmi-altinci-soz/641
  ­şôÑ https://sorularlarisale.com/risale-i-nur-kulliyati/sozler/yirmi-altinci-soz/642
  ­şôÑ https://sorularlarisale.com/risale-i-nur-kulliyati/sozler/yirmi-altinci-soz/643
  ­şôÑ https://sorularlarisale.com/risale-i-nur-kulliyati/sozler/yirmi-altinci-soz/644
  ­şôÑ https://sorularlarisale.com/risale-i-nur-kulliyati/sozler/yirmi-altinci-soz/645
  Ô£à Kaydedildi: 026-yirmi-altinci-soz.md (41549 karakter)
  Ô¼ç´©Å  [27/35] ─░ndiriliyor: Yirmi Yedinci S├Âz...
  ­şôÑ https://sorularlarisale.com/risale-i-nur-kulliyati/sozler/yirmi-yedinci-soz
  ­şôÑ https://sorularlarisale.com/risale-i-nur-kulliyati/sozler/yirmi-yedinci-soz/647
  ­şôÑ https://sorularlarisale.com/risale-i-nur-kulliyati/sozler/yirmi-yedinci-soz/648
  ­şôÑ https://sorularlarisale.com/risale-i-nur-kulliyati/sozler/yirmi-yedinci-soz/649
  ­şôÑ https://sorularlarisale.com/risale-i-nur-kulliyati/sozler/yirmi-yedinci-soz/650
  ­şôÑ https://sorularlarisale.com/risale-i-nur-kulliyati/sozler/yirmi-yedinci-soz/651
  ­şôÑ https://sorularlarisale.com/risale-i-nur-kulliyati/sozler/yirmi-yedinci-soz/652
  ­şôÑ https://sorularlarisale.com/risale-i-nur-kulliyati/sozler/yirmi-yedinci-soz/653
  ­şôÑ https://sorularlarisale.com/risale-i-nur-kulliyati/sozler/yirmi-yedinci-soz/654
  ­şôÑ https://sorularlarisale.com/risale-i-nur-kulliyati/sozler/yirmi-yedinci-soz/655
  ­şôÑ https://sorularlarisale.com/risale-i-nur-kulliyati/sozler/yirmi-yedinci-soz/656
  ­şôÑ https://sorularlarisale.com/risale-i-nur-kulliyati/sozler/yirmi-yedinci-soz/yirmi-yedinci-sozun-zeyli/657
  ­şôÑ https://sorularlarisale.com/risale-i-nur-kulliyati/sozler/yirmi-yedinci-soz/yirmi-yedinci-sozun-zeyli/658
  ­şôÑ https://sorularlarisale.com/risale-i-nur-kulliyati/sozler/yirmi-yedinci-soz/yirmi-yedinci-sozun-zeyli/659
  ­şôÑ https://sorularlarisale.com/risale-i-nur-kulliyati/sozler/yirmi-yedinci-soz/yirmi-yedinci-sozun-zeyli/660
  ­şôÑ https://sorularlarisale.com/risale-i-nur-kulliyati/sozler/yirmi-yedinci-soz/yirmi-yedinci-sozun-zeyli/661
  ­şôÑ https://sorularlarisale.com/risale-i-nur-kulliyati/sozler/yirmi-yedinci-soz/yirmi-yedinci-sozun-zeyli/662
  ­şôÑ https://sorularlarisale.com/risale-i-nur-kulliyati/sozler/yirmi-yedinci-soz/yirmi-yedinci-sozun-zeyli/663
  ­şôÑ https://sorularlarisale.com/risale-i-nur-kulliyati/sozler/yirmi-yedinci-soz/yirmi-yedinci-sozun-zeyli/664
  ­şôÑ https://sorularlarisale.com/risale-i-nur-kulliyati/sozler/yirmi-yedinci-soz/yirmi-yedinci-sozun-zeyli/665
  ­şôÑ https://sorularlarisale.com/risale-i-nur-kulliyati/sozler/yirmi-yedinci-soz/yirmi-yedinci-sozun-zeyli/666
  ­şôÑ https://sorularlarisale.com/risale-i-nur-kulliyati/sozler/yirmi-yedinci-soz/yirmi-yedinci-sozun-zeyli/667
  ­şôÑ https://sorularlarisale.com/risale-i-nur-kulliyati/sozler/yirmi-yedinci-soz/yirmi-yedinci-sozun-zeyli/668
  ÔÜá´©Å Pagination jump detected (Slug mismatch): yirmi-yedinci-soz -
> https://sorularlarisale.com/risale-i-nur-kulliyati/sozler/yirmi-seki
zinci-soz/670. Stopping chapter.
  Ô£à Kaydedildi: 027-yirmi-yedinci-soz.md (42525 karakter)
  Ô¼ç´©Å  [28/35] ─░ndiriliyor: Yirmi Sekizinci S├Âz...
  ­şôÑ https://sorularlarisale.com/risale-i-nur-kulliyati/sozler/yirmi-sekizinci-soz
  ­şôÑ https://sorularlarisale.com/risale-i-nur-kulliyati/sozler/yirmi-sekizinci-soz/671
  ­şôÑ https://sorularlarisale.com/risale-i-nur-kulliyati/sozler/yirmi-sekizinci-soz/672
  ­şôÑ https://sorularlarisale.com/risale-i-nur-kulliyati/sozler/yirmi-sekizinci-soz/673
  ­şôÑ https://sorularlarisale.com/risale-i-nur-kulliyati/sozler/yirmi-sekizinci-soz/674
  ­şôÑ https://sorularlarisale.com/risale-i-nur-kulliyati/sozler/yirmi-sekizinci-soz/675
  ­şôÑ https://sorularlarisale.com/risale-i-nur-kulliyati/sozler/yirmi-sekizinci-soz/676
  ­şôÑ https://sorularlarisale.com/risale-i-nur-kulliyati/sozler/yirmi-sekizinci-soz/677
  ÔÜá´©Å Pagination jump detected (Slug mismatch): yirmi-sekizinci-soz
 -> https://sorularlarisale.com/risale-i-nur-kulliyati/sozler/yirmi-do
kuzuncu-soz/678. Stopping chapter.
  Ô£à Kaydedildi: 028-yirmi-sekizinci-soz.md (17682 karakter)
  Ô¼ç´©Å  [29/35] ─░ndiriliyor: Yirmi Dokuzuncu S├Âz...
  ­şôÑ https://sorularlarisale.com/risale-i-nur-kulliyati/sozler/yirmi-dokuzuncu-soz
  ­şôÑ https://sorularlarisale.com/risale-i-nur-kulliyati/sozler/yirmi-dokuzuncu-soz/679
  ­şôÑ https://sorularlarisale.com/risale-i-nur-kulliyati/sozler/yirmi-dokuzuncu-soz/680
  ­şôÑ https://sorularlarisale.com/risale-i-nur-kulliyati/sozler/yirmi-dokuzuncu-soz/681
  ­şôÑ https://sorularlarisale.com/risale-i-nur-kulliyati/sozler/yirmi-dokuzuncu-soz/682
  ­şôÑ https://sorularlarisale.com/risale-i-nur-kulliyati/sozler/yirmi-dokuzuncu-soz/683
  ­şôÑ https://sorularlarisale.com/risale-i-nur-kulliyati/sozler/yirmi-dokuzuncu-soz/684
  ­şôÑ https://sorularlarisale.com/risale-i-nur-kulliyati/sozler/yirmi-dokuzuncu-soz/685
  ­şôÑ https://sorularlarisale.com/risale-i-nur-kulliyati/sozler/yirmi-dokuzuncu-soz/686
  ­şôÑ https://sorularlarisale.com/risale-i-nur-kulliyati/sozler/yirmi-dokuzuncu-soz/687
  ­şôÑ https://sorularlarisale.com/risale-i-nur-kulliyati/sozler/yirmi-dokuzuncu-soz/688
  ­şôÑ https://sorularlarisale.com/risale-i-nur-kulliyati/sozler/yirmi-dokuzuncu-soz/689
  ­şôÑ https://sorularlarisale.com/risale-i-nur-kulliyati/sozler/yirmi-dokuzuncu-soz/690
  ­şôÑ https://sorularlarisale.com/risale-i-nur-kulliyati/sozler/yirmi-dokuzuncu-soz/691
  ­şôÑ https://sorularlarisale.com/risale-i-nur-kulliyati/sozler/yirmi-dokuzuncu-soz/692
  ­şôÑ https://sorularlarisale.com/risale-i-nur-kulliyati/sozler/yirmi-dokuzuncu-soz/693
  ­şôÑ https://sorularlarisale.com/risale-i-nur-kulliyati/sozler/yirmi-dokuzuncu-soz/694
  ­şôÑ https://sorularlarisale.com/risale-i-nur-kulliyati/sozler/yirmi-dokuzuncu-soz/695
  ­şôÑ https://sorularlarisale.com/risale-i-nur-kulliyati/sozler/yirmi-dokuzuncu-soz/696
  ­şôÑ https://sorularlarisale.com/risale-i-nur-kulliyati/sozler/yirmi-dokuzuncu-soz/697
  ­şôÑ https://sorularlarisale.com/risale-i-nur-kulliyati/sozler/yirmi-dokuzuncu-soz/698
  ­şôÑ https://sorularlarisale.com/risale-i-nur-kulliyati/sozler/yirmi-dokuzuncu-soz/699
  ­şôÑ https://sorularlarisale.com/risale-i-nur-kulliyati/sozler/yirmi-dokuzuncu-soz/700
  ­şôÑ https://sorularlarisale.com/risale-i-nur-kulliyati/sozler/yirmi-dokuzuncu-soz/701
  ­şôÑ https://sorularlarisale.com/risale-i-nur-kulliyati/sozler/yirmi-dokuzuncu-soz/702
  ­şôÑ https://sorularlarisale.com/risale-i-nur-kulliyati/sozler/yirmi-dokuzuncu-soz/703
  ­şôÑ https://sorularlarisale.com/risale-i-nur-kulliyati/sozler/yirmi-dokuzuncu-soz/704
  ­şôÑ https://sorularlarisale.com/risale-i-nur-kulliyati/sozler/yirmi-dokuzuncu-soz/705
  ­şôÑ https://sorularlarisale.com/risale-i-nur-kulliyati/sozler/yirmi-dokuzuncu-soz/706
  ­şôÑ https://sorularlarisale.com/risale-i-nur-kulliyati/sozler/yirmi-dokuzuncu-soz/707
  ­şôÑ https://sorularlarisale.com/risale-i-nur-kulliyati/sozler/yirmi-dokuzuncu-soz/708
  ­şôÑ https://sorularlarisale.com/risale-i-nur-kulliyati/sozler/yirmi-dokuzuncu-soz/709
  ­şôÑ https://sorularlarisale.com/risale-i-nur-kulliyati/sozler/yirmi-dokuzuncu-soz/710
  ­şôÑ https://sorularlarisale.com/risale-i-nur-kulliyati/sozler/yirmi-dokuzuncu-soz/711
  ­şôÑ https://sorularlarisale.com/risale-i-nur-kulliyati/sozler/yirmi-dokuzuncu-soz/712
  ­şôÑ https://sorularlarisale.com/risale-i-nur-kulliyati/sozler/yirmi-dokuzuncu-soz/713
  ­şôÑ https://sorularlarisale.com/risale-i-nur-kulliyati/sozler/yirmi-dokuzuncu-soz/714
  ­şôÑ https://sorularlarisale.com/risale-i-nur-kulliyati/sozler/yirmi-dokuzuncu-soz/715
  ­şôÑ https://sorularlarisale.com/risale-i-nur-kulliyati/sozler/yirmi-dokuzuncu-soz/716
  ­şôÑ https://sorularlarisale.com/risale-i-nur-kulliyati/sozler/yirmi-dokuzuncu-soz/717
  ­şôÑ https://sorularlarisale.com/risale-i-nur-kulliyati/sozler/yirmi-dokuzuncu-soz/718
  ­şôÑ https://sorularlarisale.com/risale-i-nur-kulliyati/sozler/yirmi-dokuzuncu-soz/719
  ­şôÑ https://sorularlarisale.com/risale-i-nur-kulliyati/sozler/yirmi-dokuzuncu-soz/720
  ­şôÑ https://sorularlarisale.com/risale-i-nur-kulliyati/sozler/yirmi-dokuzuncu-soz/721
  ­şôÑ https://sorularlarisale.com/risale-i-nur-kulliyati/sozler/yirmi-dokuzuncu-soz/722
  ­şôÑ https://sorularlarisale.com/risale-i-nur-kulliyati/sozler/yirmi-dokuzuncu-soz/723
  Ô£à Kaydedildi: 029-yirmi-dokuzuncu-soz.md (90268 karakter)
  Ô¼ç´©Å  [30/35] ─░ndiriliyor: Otuzuncu S├Âz...
  ­şôÑ https://sorularlarisale.com/risale-i-nur-kulliyati/sozler/otuzuncu-soz
  ­şôÑ https://sorularlarisale.com/risale-i-nur-kulliyati/sozler/otuzuncu-soz/725
  ­şôÑ https://sorularlarisale.com/risale-i-nur-kulliyati/sozler/otuzuncu-soz/726
  ­şôÑ https://sorularlarisale.com/risale-i-nur-kulliyati/sozler/otuzuncu-soz/727
  ­şôÑ https://sorularlarisale.com/risale-i-nur-kulliyati/sozler/otuzuncu-soz/728
  ­şôÑ https://sorularlarisale.com/risale-i-nur-kulliyati/sozler/otuzuncu-soz/729
  ­şôÑ https://sorularlarisale.com/risale-i-nur-kulliyati/sozler/otuzuncu-soz/730
  ­şôÑ https://sorularlarisale.com/risale-i-nur-kulliyati/sozler/otuzuncu-soz/731
  ­şôÑ https://sorularlarisale.com/risale-i-nur-kulliyati/sozler/otuzuncu-soz/732
  ­şôÑ https://sorularlarisale.com/risale-i-nur-kulliyati/sozler/otuzuncu-soz/733
  ­şôÑ https://sorularlarisale.com/risale-i-nur-kulliyati/sozler/otuzuncu-soz/734
  ­şôÑ https://sorularlarisale.com/risale-i-nur-kulliyati/sozler/otuzuncu-soz/735
  ­şôÑ https://sorularlarisale.com/risale-i-nur-kulliyati/sozler/otuzuncu-soz/736
  ­şôÑ https://sorularlarisale.com/risale-i-nur-kulliyati/sozler/otuzuncu-soz/737
  ­şôÑ https://sorularlarisale.com/risale-i-nur-kulliyati/sozler/otuzuncu-soz/738
  ­şôÑ https://sorularlarisale.com/risale-i-nur-kulliyati/sozler/otuzuncu-soz/739
  ­şôÑ https://sorularlarisale.com/risale-i-nur-kulliyati/sozler/otuzuncu-soz/740
  ­şôÑ https://sorularlarisale.com/risale-i-nur-kulliyati/sozler/otuzuncu-soz/741
  ­şôÑ https://sorularlarisale.com/risale-i-nur-kulliyati/sozler/otuzuncu-soz/742
  ­şôÑ https://sorularlarisale.com/risale-i-nur-kulliyati/sozler/otuzuncu-soz/743
  ­şôÑ https://sorularlarisale.com/risale-i-nur-kulliyati/sozler/otuzuncu-soz/744
  ­şôÑ https://sorularlarisale.com/risale-i-nur-kulliyati/sozler/otuzuncu-soz/745
  ­şôÑ https://sorularlarisale.com/risale-i-nur-kulliyati/sozler/otuzuncu-soz/746
  ­şôÑ https://sorularlarisale.com/risale-i-nur-kulliyati/sozler/otuzuncu-soz/747
  ­şôÑ https://sorularlarisale.com/risale-i-nur-kulliyati/sozler/otuzuncu-soz/748
  ­şôÑ https://sorularlarisale.com/risale-i-nur-kulliyati/sozler/otuzuncu-soz/749
  ­şôÑ https://sorularlarisale.com/risale-i-nur-kulliyati/sozler/otuzuncu-soz/750
  ­şôÑ https://sorularlarisale.com/risale-i-nur-kulliyati/sozler/otuzuncu-soz/751
  ­şôÑ https://sorularlarisale.com/risale-i-nur-kulliyati/sozler/otuzuncu-soz/752
  ­şôÑ https://sorularlarisale.com/risale-i-nur-kulliyati/sozler/otuzuncu-soz/753
  ­şôÑ https://sorularlarisale.com/risale-i-nur-kulliyati/sozler/otuzuncu-soz/754
  ­şôÑ https://sorularlarisale.com/risale-i-nur-kulliyati/sozler/otuzuncu-soz/755
  ­şôÑ https://sorularlarisale.com/risale-i-nur-kulliyati/sozler/otuzuncu-soz/756
  ­şôÑ https://sorularlarisale.com/risale-i-nur-kulliyati/sozler/otuzuncu-soz/757
  Ô£à Kaydedildi: 030-otuzuncu-soz.md (65843 karakter)
  Ô¼ç´©Å  [31/35] ─░ndiriliyor: Otuz Birinci S├Âz...
  ­şôÑ https://sorularlarisale.com/risale-i-nur-kulliyati/sozler/otuz-birinci-soz
  ­şôÑ https://sorularlarisale.com/risale-i-nur-kulliyati/sozler/otuz-birinci-soz/759
  ­şôÑ https://sorularlarisale.com/risale-i-nur-kulliyati/sozler/otuz-birinci-soz/760
  ­şôÑ https://sorularlarisale.com/risale-i-nur-kulliyati/sozler/otuz-birinci-soz/birinci-esas/761
  ­şôÑ https://sorularlarisale.com/risale-i-nur-kulliyati/sozler/otuz-birinci-soz/birinci-esas/762
  ­şôÑ https://sorularlarisale.com/risale-i-nur-kulliyati/sozler/otuz-birinci-soz/birinci-esas/763
  ­şôÑ https://sorularlarisale.com/risale-i-nur-kulliyati/sozler/otuz-birinci-soz/birinci-esas/764
  ­şôÑ https://sorularlarisale.com/risale-i-nur-kulliyati/sozler/otuz-birinci-soz/ikinci-esas/765
  ­şôÑ https://sorularlarisale.com/risale-i-nur-kulliyati/sozler/otuz-birinci-soz/ikinci-esas/766
  ­şôÑ https://sorularlarisale.com/risale-i-nur-kulliyati/sozler/otuz-birinci-soz/ikinci-esas/767
  ­şôÑ https://sorularlarisale.com/risale-i-nur-kulliyati/sozler/otuz-birinci-soz/ikinci-esas/768
  ­şôÑ https://sorularlarisale.com/risale-i-nur-kulliyati/sozler/otuz-birinci-soz/ikinci-esas/769
  ­şôÑ https://sorularlarisale.com/risale-i-nur-kulliyati/sozler/otuz-birinci-soz/ikinci-esas/770
  ­şôÑ https://sorularlarisale.com/risale-i-nur-kulliyati/sozler/otuz-birinci-soz/ikinci-esas/771
  ­şôÑ https://sorularlarisale.com/risale-i-nur-kulliyati/sozler/otuz-birinci-soz/ikinci-esas/772
  ­şôÑ https://sorularlarisale.com/risale-i-nur-kulliyati/sozler/otuz-birinci-soz/ikinci-esas/773
  ­şôÑ https://sorularlarisale.com/risale-i-nur-kulliyati/sozler/otuz-birinci-soz/ikinci-esas/774
  ­şôÑ https://sorularlarisale.com/risale-i-nur-kulliyati/sozler/otuz-birinci-soz/ikinci-esas/775
  ­şôÑ https://sorularlarisale.com/risale-i-nur-kulliyati/sozler/otuz-birinci-soz/ikinci-esas/776
  ­şôÑ https://sorularlarisale.com/risale-i-nur-kulliyati/sozler/otuz-birinci-soz/ikinci-esas/777
  ­şôÑ https://sorularlarisale.com/risale-i-nur-kulliyati/sozler/otuz-birinci-soz/ucuncu-esas/778
  ­şôÑ https://sorularlarisale.com/risale-i-nur-kulliyati/sozler/otuz-birinci-soz/ucuncu-esas/779
  ­şôÑ https://sorularlarisale.com/risale-i-nur-kulliyati/sozler/otuz-birinci-soz/ucuncu-esas/780
  ­şôÑ https://sorularlarisale.com/risale-i-nur-kulliyati/sozler/otuz-birinci-soz/ucuncu-esas/781
  ­şôÑ https://sorularlarisale.com/risale-i-nur-kulliyati/sozler/otuz-birinci-soz/ucuncu-esas/782
  ­şôÑ https://sorularlarisale.com/risale-i-nur-kulliyati/sozler/otuz-birinci-soz/ucuncu-esas/783
  ­şôÑ https://sorularlarisale.com/risale-i-nur-kulliyati/sozler/otuz-birinci-soz/ucuncu-esas/784
  ­şôÑ https://sorularlarisale.com/risale-i-nur-kulliyati/sozler/otuz-birinci-soz/ucuncu-esas/785
  ­şôÑ https://sorularlarisale.com/risale-i-nur-kulliyati/sozler/otuz-birinci-soz/ucuncu-esas/786
  ­şôÑ https://sorularlarisale.com/risale-i-nur-kulliyati/sozler/otuz-birinci-soz/ucuncu-esas/787
  ­şôÑ https://sorularlarisale.com/risale-i-nur-kulliyati/sozler/otuz-birinci-soz/ucuncu-esas/788
  ­şôÑ https://sorularlarisale.com/risale-i-nur-kulliyati/sozler/otuz-birinci-soz/ucuncu-esas/789
  ­şôÑ https://sorularlarisale.com/risale-i-nur-kulliyati/sozler/otuz-birinci-soz/ucuncu-esas/790
  ­şôÑ https://sorularlarisale.com/risale-i-nur-kulliyati/sozler/otuz-birinci-soz/dorduncu-esas/791
  ­şôÑ https://sorularlarisale.com/risale-i-nur-kulliyati/sozler/otuz-birinci-soz/dorduncu-esas/792
  ­şôÑ https://sorularlarisale.com/risale-i-nur-kulliyati/sozler/otuz-birinci-soz/dorduncu-esas/793
  ­şôÑ https://sorularlarisale.com/risale-i-nur-kulliyati/sozler/otuz-birinci-soz/dorduncu-esas/794
  ­şôÑ https://sorularlarisale.com/risale-i-nur-kulliyati/sozler/otuz-birinci-soz/dorduncu-esas/795
  ­şôÑ https://sorularlarisale.com/risale-i-nur-kulliyati/sozler/otuz-birinci-soz/dorduncu-esas/796
  ­şôÑ https://sorularlarisale.com/risale-i-nur-kulliyati/sozler/otuz-birinci-soz/dorduncu-esas/797
  ÔÜá´©Å Pagination jump detected (Slug mismatch): otuz-birinci-soz ->
 https://sorularlarisale.com/risale-i-nur-kulliyati/sozler/otuz-ikinci
-soz/804. Stopping chapter.
  Ô£à Kaydedildi: 031-otuz-birinci-soz.md (68094 karakter)
  Ô¼ç´©Å  [32/35] ─░ndiriliyor: Otuz ─░kinci S├Âz...
  ­şôÑ https://sorularlarisale.com/risale-i-nur-kulliyati/sozler/otuz-ikinci-soz
  ­şôÑ https://sorularlarisale.com/risale-i-nur-kulliyati/sozler/otuz-ikinci-soz/805
  ­şôÑ https://sorularlarisale.com/risale-i-nur-kulliyati/sozler/otuz-ikinci-soz/806
  ­şôÑ https://sorularlarisale.com/risale-i-nur-kulliyati/sozler/otuz-ikinci-soz/807
  ­şôÑ https://sorularlarisale.com/risale-i-nur-kulliyati/sozler/otuz-ikinci-soz/808
  ­şôÑ https://sorularlarisale.com/risale-i-nur-kulliyati/sozler/otuz-ikinci-soz/809
  ­şôÑ https://sorularlarisale.com/risale-i-nur-kulliyati/sozler/otuz-ikinci-soz/810
  ­şôÑ https://sorularlarisale.com/risale-i-nur-kulliyati/sozler/otuz-ikinci-soz/811
  ­şôÑ https://sorularlarisale.com/risale-i-nur-kulliyati/sozler/otuz-ikinci-soz/812
  ­şôÑ https://sorularlarisale.com/risale-i-nur-kulliyati/sozler/otuz-ikinci-soz/813
  ­şôÑ https://sorularlarisale.com/risale-i-nur-kulliyati/sozler/otuz-ikinci-soz/814
  ­şôÑ https://sorularlarisale.com/risale-i-nur-kulliyati/sozler/otuz-ikinci-soz/815
  ­şôÑ https://sorularlarisale.com/risale-i-nur-kulliyati/sozler/otuz-ikinci-soz/816
  ­şôÑ https://sorularlarisale.com/risale-i-nur-kulliyati/sozler/otuz-ikinci-soz/817
  ­şôÑ https://sorularlarisale.com/risale-i-nur-kulliyati/sozler/otuz-ikinci-soz/818
  ­şôÑ https://sorularlarisale.com/risale-i-nur-kulliyati/sozler/otuz-ikinci-soz/819
  ­şôÑ https://sorularlarisale.com/risale-i-nur-kulliyati/sozler/otuz-ikinci-soz/820
  ­şôÑ https://sorularlarisale.com/risale-i-nur-kulliyati/sozler/otuz-ikinci-soz/821
  ­şôÑ https://sorularlarisale.com/risale-i-nur-kulliyati/sozler/otuz-ikinci-soz/ikinci-mevkif/822
  ­şôÑ https://sorularlarisale.com/risale-i-nur-kulliyati/sozler/otuz-ikinci-soz/ikinci-mevkif/823
  ­şôÑ https://sorularlarisale.com/risale-i-nur-kulliyati/sozler/otuz-ikinci-soz/ikinci-mevkif/824
  ­şôÑ https://sorularlarisale.com/risale-i-nur-kulliyati/sozler/otuz-ikinci-soz/ikinci-mevkif/825
  ­şôÑ https://sorularlarisale.com/risale-i-nur-kulliyati/sozler/otuz-ikinci-soz/ikinci-mevkif/826
  ­şôÑ https://sorularlarisale.com/risale-i-nur-kulliyati/sozler/otuz-ikinci-soz/ikinci-mevkif/827
  ­şôÑ https://sorularlarisale.com/risale-i-nur-kulliyati/sozler/otuz-ikinci-soz/ikinci-mevkif/828
  ­şôÑ https://sorularlarisale.com/risale-i-nur-kulliyati/sozler/otuz-ikinci-soz/ikinci-mevkif/829
  ­şôÑ https://sorularlarisale.com/risale-i-nur-kulliyati/sozler/otuz-ikinci-soz/ikinci-mevkif/830
  ­şôÑ https://sorularlarisale.com/risale-i-nur-kulliyati/sozler/otuz-ikinci-soz/ikinci-mevkif/831
  ­şôÑ https://sorularlarisale.com/risale-i-nur-kulliyati/sozler/otuz-ikinci-soz/ikinci-mevkif/832
  ­şôÑ https://sorularlarisale.com/risale-i-nur-kulliyati/sozler/otuz-ikinci-soz/ikinci-mevkif/833
  ­şôÑ https://sorularlarisale.com/risale-i-nur-kulliyati/sozler/otuz-ikinci-soz/ikinci-mevkif/834
  ­şôÑ https://sorularlarisale.com/risale-i-nur-kulliyati/sozler/otuz-ikinci-soz/ikinci-mevkif/835
  ­şôÑ https://sorularlarisale.com/risale-i-nur-kulliyati/sozler/otuz-ikinci-soz/ikinci-mevkif/836
  ­şôÑ https://sorularlarisale.com/risale-i-nur-kulliyati/sozler/otuz-ikinci-soz/ikinci-mevkif/837
  ­şôÑ https://sorularlarisale.com/risale-i-nur-kulliyati/sozler/otuz-ikinci-soz/ikinci-mevkif/838
  ­şôÑ https://sorularlarisale.com/risale-i-nur-kulliyati/sozler/otuz-ikinci-soz/ikinci-mevkif/839
  ­şôÑ https://sorularlarisale.com/risale-i-nur-kulliyati/sozler/otuz-ikinci-soz/ikinci-mevkif/840
  ­şôÑ https://sorularlarisale.com/risale-i-nur-kulliyati/sozler/otuz-ikinci-soz/ikinci-mevkif/841
  ­şôÑ https://sorularlarisale.com/risale-i-nur-kulliyati/sozler/otuz-ikinci-soz/ikinci-mevkif/842
  ­şôÑ https://sorularlarisale.com/risale-i-nur-kulliyati/sozler/otuz-ikinci-soz/ikinci-mevkif/843
  ­şôÑ https://sorularlarisale.com/risale-i-nur-kulliyati/sozler/otuz-ikinci-soz/ikinci-mevkif/844
  ­şôÑ https://sorularlarisale.com/risale-i-nur-kulliyati/sozler/otuz-ikinci-soz/ikinci-mevkif/845
  ­şôÑ https://sorularlarisale.com/risale-i-nur-kulliyati/sozler/otuz-ikinci-soz/ikinci-mevkif/846
  ­şôÑ https://sorularlarisale.com/risale-i-nur-kulliyati/sozler/otuz-ikinci-soz/ikinci-mevkif/847
  ­şôÑ https://sorularlarisale.com/risale-i-nur-kulliyati/sozler/otuz-ikinci-soz/ikinci-mevkif/848
  ­şôÑ https://sorularlarisale.com/risale-i-nur-kulliyati/sozler/otuz-ikinci-soz/ikinci-mevkif/849
  ­şôÑ https://sorularlarisale.com/risale-i-nur-kulliyati/sozler/otuz-ikinci-soz/ikinci-mevkif/850
  ­şôÑ https://sorularlarisale.com/risale-i-nur-kulliyati/sozler/otuz-ikinci-soz/ikinci-mevkif/851
  ­şôÑ https://sorularlarisale.com/risale-i-nur-kulliyati/sozler/otuz-ikinci-soz/ikinci-mevkif/852
  ­şôÑ https://sorularlarisale.com/risale-i-nur-kulliyati/sozler/otuz-ikinci-soz/ucuncu-mevkif/853
  ­şôÑ https://sorularlarisale.com/risale-i-nur-kulliyati/sozler/otuz-ikinci-soz/ucuncu-mevkif/854
  ­şôÑ https://sorularlarisale.com/risale-i-nur-kulliyati/sozler/otuz-ikinci-soz/ucuncu-mevkif/855
  ­şôÑ https://sorularlarisale.com/risale-i-nur-kulliyati/sozler/otuz-ikinci-soz/ucuncu-mevkif/856
  ­şôÑ https://sorularlarisale.com/risale-i-nur-kulliyati/sozler/otuz-ikinci-soz/ucuncu-mevkif/857
  ­şôÑ https://sorularlarisale.com/risale-i-nur-kulliyati/sozler/otuz-ikinci-soz/ucuncu-mevkif/858
  ­şôÑ https://sorularlarisale.com/risale-i-nur-kulliyati/sozler/otuz-ikinci-soz/ucuncu-mevkif/859
  ­şôÑ https://sorularlarisale.com/risale-i-nur-kulliyati/sozler/otuz-ikinci-soz/ucuncu-mevkif/860
  ­şôÑ https://sorularlarisale.com/risale-i-nur-kulliyati/sozler/otuz-ikinci-soz/ucuncu-mevkif/861
  ­şôÑ https://sorularlarisale.com/risale-i-nur-kulliyati/sozler/otuz-ikinci-soz/ucuncu-mevkif/862
  ­şôÑ https://sorularlarisale.com/risale-i-nur-kulliyati/sozler/otuz-ikinci-soz/ucuncu-mevkif/863
  ­şôÑ https://sorularlarisale.com/risale-i-nur-kulliyati/sozler/otuz-ikinci-soz/ucuncu-mevkif/864
  ­şôÑ https://sorularlarisale.com/risale-i-nur-kulliyati/sozler/otuz-ikinci-soz/ucuncu-mevkif/865
  ­şôÑ https://sorularlarisale.com/risale-i-nur-kulliyati/sozler/otuz-ikinci-soz/ucuncu-mevkif/866
  ­şôÑ https://sorularlarisale.com/risale-i-nur-kulliyati/sozler/otuz-ikinci-soz/ucuncu-mevkif/867
  ­şôÑ https://sorularlarisale.com/risale-i-nur-kulliyati/sozler/otuz-ikinci-soz/ucuncu-mevkif/868
  ­şôÑ https://sorularlarisale.com/risale-i-nur-kulliyati/sozler/otuz-ikinci-soz/ucuncu-mevkif/869
  ­şôÑ https://sorularlarisale.com/risale-i-nur-kulliyati/sozler/otuz-ikinci-soz/ucuncu-mevkif/870
  ­şôÑ https://sorularlarisale.com/risale-i-nur-kulliyati/sozler/otuz-ikinci-soz/ucuncu-mevkif/871
  ­şôÑ https://sorularlarisale.com/risale-i-nur-kulliyati/sozler/otuz-ikinci-soz/ucuncu-mevkif/872
  ­şôÑ https://sorularlarisale.com/risale-i-nur-kulliyati/sozler/otuz-ikinci-soz/ucuncu-mevkif/873
  ­şôÑ https://sorularlarisale.com/risale-i-nur-kulliyati/sozler/otuz-ikinci-soz/ucuncu-mevkif/874
  ­şôÑ https://sorularlarisale.com/risale-i-nur-kulliyati/sozler/otuz-ikinci-soz/ucuncu-mevkif/875
  ­şôÑ https://sorularlarisale.com/risale-i-nur-kulliyati/sozler/otuz-ikinci-soz/ucuncu-mevkif/876
  ­şôÑ https://sorularlarisale.com/risale-i-nur-kulliyati/sozler/otuz-ikinci-soz/ucuncu-mevkif/877
  ­şôÑ https://sorularlarisale.com/risale-i-nur-kulliyati/sozler/otuz-ikinci-soz/ucuncu-mevkif/878
  ­şôÑ https://sorularlarisale.com/risale-i-nur-kulliyati/sozler/otuz-ikinci-soz/ucuncu-mevkif/879
  ­şôÑ https://sorularlarisale.com/risale-i-nur-kulliyati/sozler/otuz-ikinci-soz/ucuncu-mevkif/880
  ­şôÑ https://sorularlarisale.com/risale-i-nur-kulliyati/sozler/otuz-ikinci-soz/ucuncu-mevkif/881
  ­şôÑ https://sorularlarisale.com/risale-i-nur-kulliyati/sozler/otuz-ikinci-soz/ucuncu-mevkif/882
  ­şôÑ https://sorularlarisale.com/risale-i-nur-kulliyati/sozler/otuz-ikinci-soz/ucuncu-mevkif/883
  ­şôÑ https://sorularlarisale.com/risale-i-nur-kulliyati/sozler/otuz-ikinci-soz/ucuncu-mevkif/884
  ­şôÑ https://sorularlarisale.com/risale-i-nur-kulliyati/sozler/otuz-ikinci-soz/ucuncu-mevkif/885
  ­şôÑ https://sorularlarisale.com/risale-i-nur-kulliyati/sozler/otuz-ikinci-soz/ucuncu-mevkif/886
  ­şôÑ https://sorularlarisale.com/risale-i-nur-kulliyati/sozler/otuz-ikinci-soz/ucuncu-mevkif/887
  ­şôÑ https://sorularlarisale.com/risale-i-nur-kulliyati/sozler/otuz-ikinci-soz/ucuncu-mevkif/888
  ­şôÑ https://sorularlarisale.com/risale-i-nur-kulliyati/sozler/otuz-ikinci-soz/ucuncu-mevkif/889
  ÔÜá´©Å Pagination jump detected (Slug mismatch): otuz-ikinci-soz -> 
https://sorularlarisale.com/risale-i-nur-kulliyati/sozler/otuz-ucuncu-
soz/890. Stopping chapter.
  Ô£à Kaydedildi: 032-otuz-ikinci-soz.md (161725 karakter)
  Ô¼ç´©Å  [33/35] ─░ndiriliyor: Otuz ├£├ğ├╝nc├╝ S├Âz...
  ­şôÑ https://sorularlarisale.com/risale-i-nur-kulliyati/sozler/otuz-ucuncu-soz
  ­şôÑ https://sorularlarisale.com/risale-i-nur-kulliyati/sozler/otuz-ucuncu-soz/891
  ­şôÑ https://sorularlarisale.com/risale-i-nur-kulliyati/sozler/otuz-ucuncu-soz/892
  ­şôÑ https://sorularlarisale.com/risale-i-nur-kulliyati/sozler/otuz-ucuncu-soz/893
  ­şôÑ https://sorularlarisale.com/risale-i-nur-kulliyati/sozler/otuz-ucuncu-soz/894
  ­şôÑ https://sorularlarisale.com/risale-i-nur-kulliyati/sozler/otuz-ucuncu-soz/895
  ­şôÑ https://sorularlarisale.com/risale-i-nur-kulliyati/sozler/otuz-ucuncu-soz/896
  ­şôÑ https://sorularlarisale.com/risale-i-nur-kulliyati/sozler/otuz-ucuncu-soz/897
  ­şôÑ https://sorularlarisale.com/risale-i-nur-kulliyati/sozler/otuz-ucuncu-soz/898
  ­şôÑ https://sorularlarisale.com/risale-i-nur-kulliyati/sozler/otuz-ucuncu-soz/899
  ­şôÑ https://sorularlarisale.com/risale-i-nur-kulliyati/sozler/otuz-ucuncu-soz/900
  ­şôÑ https://sorularlarisale.com/risale-i-nur-kulliyati/sozler/otuz-ucuncu-soz/901
  ­şôÑ https://sorularlarisale.com/risale-i-nur-kulliyati/sozler/otuz-ucuncu-soz/902
  ­şôÑ https://sorularlarisale.com/risale-i-nur-kulliyati/sozler/otuz-ucuncu-soz/903
  ­şôÑ https://sorularlarisale.com/risale-i-nur-kulliyati/sozler/otuz-ucuncu-soz/904
  ­şôÑ https://sorularlarisale.com/risale-i-nur-kulliyati/sozler/otuz-ucuncu-soz/905
  ­şôÑ https://sorularlarisale.com/risale-i-nur-kulliyati/sozler/otuz-ucuncu-soz/906
  ­şôÑ https://sorularlarisale.com/risale-i-nur-kulliyati/sozler/otuz-ucuncu-soz/907
  ­şôÑ https://sorularlarisale.com/risale-i-nur-kulliyati/sozler/otuz-ucuncu-soz/908
  ­şôÑ https://sorularlarisale.com/risale-i-nur-kulliyati/sozler/otuz-ucuncu-soz/909
  ­şôÑ https://sorularlarisale.com/risale-i-nur-kulliyati/sozler/otuz-ucuncu-soz/910
  ­şôÑ https://sorularlarisale.com/risale-i-nur-kulliyati/sozler/otuz-ucuncu-soz/911
  ­şôÑ https://sorularlarisale.com/risale-i-nur-kulliyati/sozler/otuz-ucuncu-soz/912
  ­şôÑ https://sorularlarisale.com/risale-i-nur-kulliyati/sozler/otuz-ucuncu-soz/913
  ­şôÑ https://sorularlarisale.com/risale-i-nur-kulliyati/sozler/otuz-ucuncu-soz/914
  ­şôÑ https://sorularlarisale.com/risale-i-nur-kulliyati/sozler/otuz-ucuncu-soz/915
  ­şôÑ https://sorularlarisale.com/risale-i-nur-kulliyati/sozler/otuz-ucuncu-soz/916
  ­şôÑ https://sorularlarisale.com/risale-i-nur-kulliyati/sozler/otuz-ucuncu-soz/917
  ­şôÑ https://sorularlarisale.com/risale-i-nur-kulliyati/sozler/otuz-ucuncu-soz/918
  ­şôÑ https://sorularlarisale.com/risale-i-nur-kulliyati/sozler/otuz-ucuncu-soz/919
  ­şôÑ https://sorularlarisale.com/risale-i-nur-kulliyati/sozler/otuz-ucuncu-soz/920
  ­şôÑ https://sorularlarisale.com/risale-i-nur-kulliyati/sozler/otuz-ucuncu-soz/921
  ­şôÑ https://sorularlarisale.com/risale-i-nur-kulliyati/sozler/otuz-ucuncu-soz/922
  ­şôÑ https://sorularlarisale.com/risale-i-nur-kulliyati/sozler/otuz-ucuncu-soz/923
  ­şôÑ https://sorularlarisale.com/risale-i-nur-kulliyati/sozler/otuz-ucuncu-soz/924
  ­şôÑ https://sorularlarisale.com/risale-i-nur-kulliyati/sozler/otuz-ucuncu-soz/925
  ­şôÑ https://sorularlarisale.com/risale-i-nur-kulliyati/sozler/otuz-ucuncu-soz/926
  ­şôÑ https://sorularlarisale.com/risale-i-nur-kulliyati/sozler/otuz-ucuncu-soz/927
  ­şôÑ https://sorularlarisale.com/risale-i-nur-kulliyati/sozler/otuz-ucuncu-soz/928
  ­şôÑ https://sorularlarisale.com/risale-i-nur-kulliyati/sozler/otuz-ucuncu-soz/929
  ­şôÑ https://sorularlarisale.com/risale-i-nur-kulliyati/sozler/otuz-ucuncu-soz/930
  ­şôÑ https://sorularlarisale.com/risale-i-nur-kulliyati/sozler/otuz-ucuncu-soz/931
  ­şôÑ https://sorularlarisale.com/risale-i-nur-kulliyati/sozler/otuz-ucuncu-soz/932
  ­şôÑ https://sorularlarisale.com/risale-i-nur-kulliyati/sozler/otuz-ucuncu-soz/933
  ­şôÑ https://sorularlarisale.com/risale-i-nur-kulliyati/sozler/otuz-ucuncu-soz/934
  ­şôÑ https://sorularlarisale.com/risale-i-nur-kulliyati/sozler/otuz-ucuncu-soz/935
  ­şôÑ https://sorularlarisale.com/risale-i-nur-kulliyati/sozler/otuz-ucuncu-soz/936
  ­şôÑ https://sorularlarisale.com/risale-i-nur-kulliyati/sozler/otuz-ucuncu-soz/937
  ­şôÑ https://sorularlarisale.com/risale-i-nur-kulliyati/sozler/otuz-ucuncu-soz/938
  ­şôÑ https://sorularlarisale.com/risale-i-nur-kulliyati/sozler/otuz-ucuncu-soz/939
  ­şôÑ https://sorularlarisale.com/risale-i-nur-kulliyati/sozler/otuz-ucuncu-soz/940
  Ô£à Kaydedildi: 033-otuz-ucuncu-soz.md (123262 karakter)
  Ô¼ç´©Å  [34/35] ─░ndiriliyor: Leme├ót...
  ­şôÑ https://sorularlarisale.com/risale-i-nur-kulliyati/sozler/lemeat
  ­şôÑ https://sorularlarisale.com/risale-i-nur-kulliyati/sozler/lemeat/942
  ­şôÑ https://sorularlarisale.com/risale-i-nur-kulliyati/sozler/lemeat/943
  ­şôÑ https://sorularlarisale.com/risale-i-nur-kulliyati/sozler/lemeat/944
  ­şôÑ https://sorularlarisale.com/risale-i-nur-kulliyati/sozler/lemeat/945
  ­şôÑ https://sorularlarisale.com/risale-i-nur-kulliyati/sozler/lemeat/946
  ­şôÑ https://sorularlarisale.com/risale-i-nur-kulliyati/sozler/lemeat/947
  ­şôÑ https://sorularlarisale.com/risale-i-nur-kulliyati/sozler/lemeat/948
  ­şôÑ https://sorularlarisale.com/risale-i-nur-kulliyati/sozler/lemeat/949
  ­şôÑ https://sorularlarisale.com/risale-i-nur-kulliyati/sozler/lemeat/950
  ­şôÑ https://sorularlarisale.com/risale-i-nur-kulliyati/sozler/lemeat/951
  ­şôÑ https://sorularlarisale.com/risale-i-nur-kulliyati/sozler/lemeat/952
  ­şôÑ https://sorularlarisale.com/risale-i-nur-kulliyati/sozler/lemeat/953
  ­şôÑ https://sorularlarisale.com/risale-i-nur-kulliyati/sozler/lemeat/954
  ­şôÑ https://sorularlarisale.com/risale-i-nur-kulliyati/sozler/lemeat/955
  ­şôÑ https://sorularlarisale.com/risale-i-nur-kulliyati/sozler/lemeat/956
  ­şôÑ https://sorularlarisale.com/risale-i-nur-kulliyati/sozler/lemeat/957
  ­şôÑ https://sorularlarisale.com/risale-i-nur-kulliyati/sozler/lemeat/958
  ­şôÑ https://sorularlarisale.com/risale-i-nur-kulliyati/sozler/lemeat/959
  ­şôÑ https://sorularlarisale.com/risale-i-nur-kulliyati/sozler/lemeat/960
  ­şôÑ https://sorularlarisale.com/risale-i-nur-kulliyati/sozler/lemeat/961
  ­şôÑ https://sorularlarisale.com/risale-i-nur-kulliyati/sozler/lemeat/962
  ­şôÑ https://sorularlarisale.com/risale-i-nur-kulliyati/sozler/lemeat/963
  ­şôÑ https://sorularlarisale.com/risale-i-nur-kulliyati/sozler/lemeat/964
  ­şôÑ https://sorularlarisale.com/risale-i-nur-kulliyati/sozler/lemeat/965
  ­şôÑ https://sorularlarisale.com/risale-i-nur-kulliyati/sozler/lemeat/966
  ­şôÑ https://sorularlarisale.com/risale-i-nur-kulliyati/sozler/lemeat/967
  ­şôÑ https://sorularlarisale.com/risale-i-nur-kulliyati/sozler/lemeat/968
  ­şôÑ https://sorularlarisale.com/risale-i-nur-kulliyati/sozler/lemeat/969
  ­şôÑ https://sorularlarisale.com/risale-i-nur-kulliyati/sozler/lemeat/970
  ­şôÑ https://sorularlarisale.com/risale-i-nur-kulliyati/sozler/lemeat/971
  ­şôÑ https://sorularlarisale.com/risale-i-nur-kulliyati/sozler/lemeat/972
  ­şôÑ https://sorularlarisale.com/risale-i-nur-kulliyati/sozler/lemeat/973
  ­şôÑ https://sorularlarisale.com/risale-i-nur-kulliyati/sozler/lemeat/974
  ­şôÑ https://sorularlarisale.com/risale-i-nur-kulliyati/sozler/lemeat/975
  ­şôÑ https://sorularlarisale.com/risale-i-nur-kulliyati/sozler/lemeat/976
  ­şôÑ https://sorularlarisale.com/risale-i-nur-kulliyati/sozler/lemeat/977
  ­şôÑ https://sorularlarisale.com/risale-i-nur-kulliyati/sozler/lemeat/978
  ­şôÑ https://sorularlarisale.com/risale-i-nur-kulliyati/sozler/lemeat/979
  ­şôÑ https://sorularlarisale.com/risale-i-nur-kulliyati/sozler/lemeat/980
  ­şôÑ https://sorularlarisale.com/risale-i-nur-kulliyati/sozler/lemeat/981
  ­şôÑ https://sorularlarisale.com/risale-i-nur-kulliyati/sozler/lemeat/982
  ­şôÑ https://sorularlarisale.com/risale-i-nur-kulliyati/sozler/lemeat/983
  ­şôÑ https://sorularlarisale.com/risale-i-nur-kulliyati/sozler/lemeat/984
  ­şôÑ https://sorularlarisale.com/risale-i-nur-kulliyati/sozler/lemeat/985
  ­şôÑ https://sorularlarisale.com/risale-i-nur-kulliyati/sozler/lemeat/986
  ­şôÑ https://sorularlarisale.com/risale-i-nur-kulliyati/sozler/lemeat/987
  ­şôÑ https://sorularlarisale.com/risale-i-nur-kulliyati/sozler/lemeat/988
  ­şôÑ https://sorularlarisale.com/risale-i-nur-kulliyati/sozler/lemeat/989
  ­şôÑ https://sorularlarisale.com/risale-i-nur-kulliyati/sozler/lemeat/990
  ­şôÑ https://sorularlarisale.com/risale-i-nur-kulliyati/sozler/lemeat/991
  ­şôÑ https://sorularlarisale.com/risale-i-nur-kulliyati/sozler/lemeat/992
  ­şôÑ https://sorularlarisale.com/risale-i-nur-kulliyati/sozler/lemeat/993
  ­şôÑ https://sorularlarisale.com/risale-i-nur-kulliyati/sozler/lemeat/994
  ­şôÑ https://sorularlarisale.com/risale-i-nur-kulliyati/sozler/lemeat/995
  ­şôÑ https://sorularlarisale.com/risale-i-nur-kulliyati/sozler/lemeat/996
  ­şôÑ https://sorularlarisale.com/risale-i-nur-kulliyati/sozler/lemeat/997
  ­şôÑ https://sorularlarisale.com/risale-i-nur-kulliyati/sozler/lemeat/998
  ­şôÑ https://sorularlarisale.com/risale-i-nur-kulliyati/sozler/lemeat/999
  ­şôÑ https://sorularlarisale.com/risale-i-nur-kulliyati/sozler/lemeat/1000
  ­şôÑ https://sorularlarisale.com/risale-i-nur-kulliyati/sozler/lemeat/1001
  ­şôÑ https://sorularlarisale.com/risale-i-nur-kulliyati/sozler/lemeat/1002
  ­şôÑ https://sorularlarisale.com/risale-i-nur-kulliyati/sozler/lemeat/1003
  ­şôÑ https://sorularlarisale.com/risale-i-nur-kulliyati/sozler/lemeat/1004
  ­şôÑ https://sorularlarisale.com/risale-i-nur-kulliyati/sozler/lemeat/1005
  ­şôÑ https://sorularlarisale.com/risale-i-nur-kulliyati/sozler/lemeat/1006
  ­şôÑ https://sorularlarisale.com/risale-i-nur-kulliyati/sozler/lemeat/1007
  ­şôÑ https://sorularlarisale.com/risale-i-nur-kulliyati/sozler/lemeat/1008
  ­şôÑ https://sorularlarisale.com/risale-i-nur-kulliyati/sozler/lemeat/1009
  ­şôÑ https://sorularlarisale.com/risale-i-nur-kulliyati/sozler/lemeat/1010
  ÔÜá´©Å Pagination jump detected (Slug mismatch): lemeat -> https://s
orularlarisale.com/risale-i-nur-kulliyati/sozler/konferans/1011. Stopp
ing chapter.
  Ô£à Kaydedildi: 034-lemeat.md (98490 karakter)
  Ô¼ç´©Å  [35/35] ─░ndiriliyor: Konferans...
  ­şôÑ https://sorularlarisale.com/risale-i-nur-kulliyati/sozler/konferans
  ­şôÑ https://sorularlarisale.com/risale-i-nur-kulliyati/sozler/konferans/1012
  ­şôÑ https://sorularlarisale.com/risale-i-nur-kulliyati/sozler/konferans/1013
  ­şôÑ https://sorularlarisale.com/risale-i-nur-kulliyati/sozler/konferans/1014
  ­şôÑ https://sorularlarisale.com/risale-i-nur-kulliyati/sozler/konferans/1015
  ­şôÑ https://sorularlarisale.com/risale-i-nur-kulliyati/sozler/konferans/1016
  ­şôÑ https://sorularlarisale.com/risale-i-nur-kulliyati/sozler/konferans/1017
  ­şôÑ https://sorularlarisale.com/risale-i-nur-kulliyati/sozler/konferans/1018
  ­şôÑ https://sorularlarisale.com/risale-i-nur-kulliyati/sozler/konferans/1019
  ­şôÑ https://sorularlarisale.com/risale-i-nur-kulliyati/sozler/konferans/1020
  ­şôÑ https://sorularlarisale.com/risale-i-nur-kulliyati/sozler/konferans/1021
  ­şôÑ https://sorularlarisale.com/risale-i-nur-kulliyati/sozler/konferans/1022
  ­şôÑ https://sorularlarisale.com/risale-i-nur-kulliyati/sozler/konferans/1023
  ­şôÑ https://sorularlarisale.com/risale-i-nur-kulliyati/sozler/konferans/1024
  ­şôÑ https://sorularlarisale.com/risale-i-nur-kulliyati/sozler/konferans/1025
  ­şôÑ https://sorularlarisale.com/risale-i-nur-kulliyati/sozler/konferans/1026
  ­şôÑ https://sorularlarisale.com/risale-i-nur-kulliyati/sozler/konferans/1027
  ­şôÑ https://sorularlarisale.com/risale-i-nur-kulliyati/sozler/konferans/1028
  ­şôÑ https://sorularlarisale.com/risale-i-nur-kulliyati/sozler/konferans/1029
  ­şôÑ https://sorularlarisale.com/risale-i-nur-kulliyati/sozler/konferans/1030
  ­şôÑ https://sorularlarisale.com/risale-i-nur-kulliyati/sozler/konferans/1031
  ­şôÑ https://sorularlarisale.com/risale-i-nur-kulliyati/sozler/konferans/1032
  ­şôÑ https://sorularlarisale.com/risale-i-nur-kulliyati/sozler/konferans/1033
  ­şôÑ https://sorularlarisale.com/risale-i-nur-kulliyati/sozler/konferans/1034
  ­şôÑ https://sorularlarisale.com/risale-i-nur-kulliyati/sozler/konferans/1035
  ­şôÑ https://sorularlarisale.com/risale-i-nur-kulliyati/sozler/konferans/1036
  ­şôÑ https://sorularlarisale.com/risale-i-nur-kulliyati/sozler/konferans/1037
  ­şôÑ https://sorularlarisale.com/risale-i-nur-kulliyati/sozler/konferans/1038
  ­şôÑ https://sorularlarisale.com/risale-i-nur-kulliyati/sozler/konferans/1039
  ­şôÑ https://sorularlarisale.com/risale-i-nur-kulliyati/sozler/konferans/1040
  ­şôÑ https://sorularlarisale.com/risale-i-nur-kulliyati/sozler/konferans/1041
  Ô£à Kaydedildi: 035-konferans.md (58778 karakter)

­şôû Kitap: Mektubat
  ­şôÑ https://sorularlarisale.com/risale-i-nur-kulliyati/mektubat
  ­şöı Container found for TOC: html not-front not-logged-in no-sidebars page-taxonomy page-taxonomy-term page-taxonomy-term- page-taxonomy-term-2621 i18n-tr
  ­şöù Links found: 38. First 3: [ 'Birinci Mektup', '─░kinci Mektup', '├£├ğ├╝nc├╝ Mektup' ]
  ­şôï 38 b├Âl├╝m bulundu
  ÔÅ¡´©Å  Atlan─▒yor (Zaten var): 001-birinci-mektup.md
  ÔÅ¡´©Å  Atlan─▒yor (Zaten var): 002-ikinci-mektup.md
  ÔÅ¡´©Å  Atlan─▒yor (Zaten var): 003-ucuncu-mektup.md
  ÔÅ¡´©Å  Atlan─▒yor (Zaten var): 004-dorduncu-mektup.md
  ÔÅ¡´©Å  Atlan─▒yor (Zaten var): 005-besinci-mektup.md
  ÔÅ¡´©Å  Atlan─▒yor (Zaten var): 006-altinci-mektup.md
  ÔÅ¡´©Å  Atlan─▒yor (Zaten var): 007-yedinci-mektup.md
  ÔÅ¡´©Å  Atlan─▒yor (Zaten var): 008-sekizinci-mektup.md
  ÔÅ¡´©Å  Atlan─▒yor (Zaten var): 009-dokuzuncu-mektup.md
  ÔÅ¡´©Å  Atlan─▒yor (Zaten var): 010-onuncu-mektup.md
  ÔÅ¡´©Å  Atlan─▒yor (Zaten var): 011-on-birinci-mektup.md
  ÔÅ¡´©Å  Atlan─▒yor (Zaten var): 012-on-ikinci-mektup.md
  ÔÅ¡´©Å  Atlan─▒yor (Zaten var): 013-on-ucuncu-mektup.md
  ÔÅ¡´©Å  Atlan─▒yor (Zaten var): 014-on-dorduncu-mektup.md
  ÔÅ¡´©Å  Atlan─▒yor (Zaten var): 015-on-besinci-mektup.md
  ÔÅ¡´©Å  Atlan─▒yor (Zaten var): 016-on-altinci-mektup.md
  ÔÅ¡´©Å  Atlan─▒yor (Zaten var): 017-on-yedinci-mektup.md
  ÔÅ¡´©Å  Atlan─▒yor (Zaten var): 018-on-sekizinci-mektup.md
  ÔÅ¡´©Å  Atlan─▒yor (Zaten var): 019-on-dokuzuncu-mektup.md
  ÔÅ¡´©Å  Atlan─▒yor (Zaten var): 020-yirminci-mektup.md
  ÔÅ¡´©Å  Atlan─▒yor (Zaten var): 021-yirmi-birinci-mektup.md
  ÔÅ¡´©Å  Atlan─▒yor (Zaten var): 022-yirmi-ikinci-mektup.md
  ÔÅ¡´©Å  Atlan─▒yor (Zaten var): 023-yirmi-ucuncu-mektup.md
  ÔÅ¡´©Å  Atlan─▒yor (Zaten var): 024-yirmi-dorduncu-mektup.md
  ÔÅ¡´©Å  Atlan─▒yor (Zaten var): 025-yirmi-besinci-mektup.md
  ÔÅ¡´©Å  Atlan─▒yor (Zaten var): 026-yirmi-altinci-mektup.md
  ÔÅ¡´©Å  Atlan─▒yor (Zaten var): 027-yirmi-yedinci-mektup.md
  ÔÅ¡´©Å  Atlan─▒yor (Zaten var): 028-yirmi-sekizinci-mektup.md
  ÔÅ¡´©Å  Atlan─▒yor (Zaten var): 029-yirmi-dokuzuncu-mektup.md
  ÔÅ¡´©Å  Atlan─▒yor (Zaten var): 030-otuzuncu-mektup.md
  ÔÅ¡´©Å  Atlan─▒yor (Zaten var): 031-otuz-birinci-mektup.md
  ÔÅ¡´©Å  Atlan─▒yor (Zaten var): 032-otuz-ikinci-mektup.md
  ÔÅ¡´©Å  Atlan─▒yor (Zaten var): 033-otuz-ucuncu-mektup.md
  ÔÅ¡´©Å  Atlan─▒yor (Zaten var): 034-isarat-i-gaybiyye-hakkinda-bir-takriz.md
  ÔÅ¡´©Å  Atlan─▒yor (Zaten var): 035-hakikat-cekirdekleri.md
  ÔÅ¡´©Å  Atlan─▒yor (Zaten var): 036-sikke-i-tasdik-i-gaybiden-bir-mektup.md
  ÔÅ¡´©Å  Atlan─▒yor (Zaten var): 037-hakikat-isiklari.md
  ÔÅ¡´©Å  Atlan─▒yor (Zaten var): 038-gonuller-fatihi-buyuk-ustada.md

­şôû Kitap: Lem'alar
  ­şôÑ https://sorularlarisale.com/risale-i-nur-kulliyati/lemalar
  ­şöı Container found for TOC: html not-front not-logged-in no-sidebars page-taxonomy page-taxonomy-term page-taxonomy-term- page-taxonomy-term-2622 i18n-tr
  ­şöù Links found: 33. First 3: [ "Birinci Lem'a", "─░kinci Lem'a", "├£├ğ├╝nc├╝ Lem'a" ]
  ­şôï 33 b├Âl├╝m bulundu
  Ô¼ç´©Å  [1/33] ─░ndiriliyor: Birinci Lem'a...
  ­şôÑ https://sorularlarisale.com/risale-i-nur-kulliyati/lemalar/birinci-lema
  ­şôÑ https://sorularlarisale.com/risale-i-nur-kulliyati/lemalar/birinci-lema/28
  ­şôÑ https://sorularlarisale.com/risale-i-nur-kulliyati/lemalar/birinci-lema/29
  ­şôÑ https://sorularlarisale.com/risale-i-nur-kulliyati/lemalar/birinci-lema/30
  ÔÜá´©Å Pagination jump detected (Slug mismatch): birinci-lema -> htt
ps://sorularlarisale.com/risale-i-nur-kulliyati/lemalar/ikinci-lema/31
. Stopping chapter.
  Ô£à Kaydedildi: 001-birinci-lema.md (8107 karakter)
  Ô¼ç´©Å  [2/33] ─░ndiriliyor: ─░kinci Lem'a...
  ­şôÑ https://sorularlarisale.com/risale-i-nur-kulliyati/lemalar/ikinci-lema
  ­şôÑ https://sorularlarisale.com/risale-i-nur-kulliyati/lemalar/ikinci-lema/32
  ­şôÑ https://sorularlarisale.com/risale-i-nur-kulliyati/lemalar/ikinci-lema/33
  ­şôÑ https://sorularlarisale.com/risale-i-nur-kulliyati/lemalar/ikinci-lema/34
  ­şôÑ https://sorularlarisale.com/risale-i-nur-kulliyati/lemalar/ikinci-lema/35
  ­şôÑ https://sorularlarisale.com/risale-i-nur-kulliyati/lemalar/ikinci-lema/36
  ­şôÑ https://sorularlarisale.com/risale-i-nur-kulliyati/lemalar/ikinci-lema/37
  ­şôÑ https://sorularlarisale.com/risale-i-nur-kulliyati/lemalar/ikinci-lema/38
  ­şôÑ https://sorularlarisale.com/risale-i-nur-kulliyati/lemalar/ikinci-lema/39
  Ô£à Kaydedildi: 002-ikinci-lema.md (17792 karakter)
  Ô¼ç´©Å  [3/33] ─░ndiriliyor: ├£├ğ├╝nc├╝ Lem'a...
  ­şôÑ https://sorularlarisale.com/risale-i-nur-kulliyati/lemalar/ucuncu-lema
  ­şôÑ https://sorularlarisale.com/risale-i-nur-kulliyati/lemalar/ucuncu-lema/41
  ­şôÑ https://sorularlarisale.com/risale-i-nur-kulliyati/lemalar/ucuncu-lema/42
  ­şôÑ https://sorularlarisale.com/risale-i-nur-kulliyati/lemalar/ucuncu-lema/43
  ­şôÑ https://sorularlarisale.com/risale-i-nur-kulliyati/lemalar/ucuncu-lema/44
  ­şôÑ https://sorularlarisale.com/risale-i-nur-kulliyati/lemalar/ucuncu-lema/45
  ­şôÑ https://sorularlarisale.com/risale-i-nur-kulliyati/lemalar/ucuncu-lema/46
  Ô£à Kaydedildi: 003-ucuncu-lema.md (12617 karakter)
  Ô¼ç´©Å  [4/33] ─░ndiriliyor: D├Ârd├╝nc├╝ Lem'a...
  ­şôÑ https://sorularlarisale.com/risale-i-nur-kulliyati/lemalar/dorduncu-lema
  ­şôÑ https://sorularlarisale.com/risale-i-nur-kulliyati/lemalar/dorduncu-lema/48
  ­şôÑ https://sorularlarisale.com/risale-i-nur-kulliyati/lemalar/dorduncu-lema/49
  ­şôÑ https://sorularlarisale.com/risale-i-nur-kulliyati/lemalar/dorduncu-lema/50
  ­şôÑ https://sorularlarisale.com/risale-i-nur-kulliyati/lemalar/dorduncu-lema/51
  ­şôÑ https://sorularlarisale.com/risale-i-nur-kulliyati/lemalar/dorduncu-lema/52
  ­şôÑ https://sorularlarisale.com/risale-i-nur-kulliyati/lemalar/dorduncu-lema/53
  ­şôÑ https://sorularlarisale.com/risale-i-nur-kulliyati/lemalar/dorduncu-lema/54
  ­şôÑ https://sorularlarisale.com/risale-i-nur-kulliyati/lemalar/dorduncu-lema/55
  ­şôÑ https://sorularlarisale.com/risale-i-nur-kulliyati/lemalar/dorduncu-lema/56
  ­şôÑ https://sorularlarisale.com/risale-i-nur-kulliyati/lemalar/dorduncu-lema/57
  ­şôÑ https://sorularlarisale.com/risale-i-nur-kulliyati/lemalar/dorduncu-lema/58
  Ô£à Kaydedildi: 004-dorduncu-lema.md (23659 karakter)
  Ô¼ç´©Å  [5/33] ─░ndiriliyor: Be┼şinci Lem'a...
  ­şôÑ https://sorularlarisale.com/risale-i-nur-kulliyati/lemalar/besinci-lema
  ­şôÑ https://sorularlarisale.com/risale-i-nur-kulliyati/lemalar/besinci-lema/59
  Ô£à Kaydedildi: 005-besinci-lema.md (1550 karakter)
  Ô¼ç´©Å  [6/33] ─░ndiriliyor: Alt─▒nc─▒ Lem'a...
  ­şôÑ https://sorularlarisale.com/risale-i-nur-kulliyati/lemalar/altinci-lema
  ÔÜá´©Å Pagination jump detected (Slug mismatch): altinci-lema -> htt
ps://sorularlarisale.com/risale-i-nur-kulliyati/lemalar/yedinci-lema/6
0. Stopping chapter.
  Ô£à Kaydedildi: 006-altinci-lema.md (684 karakter)
  Ô¼ç´©Å  [7/33] ─░ndiriliyor: Yedinci Lem'a...
  ­şôÑ https://sorularlarisale.com/risale-i-nur-kulliyati/lemalar/yedinci-lema
  ­şôÑ https://sorularlarisale.com/risale-i-nur-kulliyati/lemalar/yedinci-lema/61
  ­şôÑ https://sorularlarisale.com/risale-i-nur-kulliyati/lemalar/yedinci-lema/62
  ­şôÑ https://sorularlarisale.com/risale-i-nur-kulliyati/lemalar/yedinci-lema/63
  ­şôÑ https://sorularlarisale.com/risale-i-nur-kulliyati/lemalar/yedinci-lema/64
  ­şôÑ https://sorularlarisale.com/risale-i-nur-kulliyati/lemalar/yedinci-lema/65
  ­şôÑ https://sorularlarisale.com/risale-i-nur-kulliyati/lemalar/yedinci-lema/66
  ­şôÑ https://sorularlarisale.com/risale-i-nur-kulliyati/lemalar/yedinci-lema/67
  ­şôÑ https://sorularlarisale.com/risale-i-nur-kulliyati/lemalar/yedinci-lema/68
  ­şôÑ https://sorularlarisale.com/risale-i-nur-kulliyati/lemalar/yedinci-lema/69
  ­şôÑ https://sorularlarisale.com/risale-i-nur-kulliyati/lemalar/yedinci-lema/70
  ­şôÑ https://sorularlarisale.com/risale-i-nur-kulliyati/lemalar/yedinci-lema/71
  ­şôÑ https://sorularlarisale.com/risale-i-nur-kulliyati/lemalar/yedinci-lema/72
  ­şôÑ https://sorularlarisale.com/risale-i-nur-kulliyati/lemalar/yedinci-lema/73
  ­şôÑ https://sorularlarisale.com/risale-i-nur-kulliyati/lemalar/yedinci-lema/74
  ­şôÑ https://sorularlarisale.com/risale-i-nur-kulliyati/lemalar/yedinci-lema/75
  Ô£à Kaydedildi: 007-yedinci-lema.md (27894 karakter)
  Ô¼ç´©Å  [8/33] ─░ndiriliyor: Sekizinci Lem'a...
  ­şôÑ https://sorularlarisale.com/risale-i-nur-kulliyati/lemalar/sekizinci-lema
  ÔÜá´©Å Pagination jump detected (Slug mismatch): sekizinci-lema -> h
ttps://sorularlarisale.com/risale-i-nur-kulliyati/lemalar/dokuzuncu-le
ma/76. Stopping chapter.
  Ô£à Kaydedildi: 008-sekizinci-lema.md (129 karakter)
  Ô¼ç´©Å  [9/33] ─░ndiriliyor: Dokuzuncu Lem'a...
  ­şôÑ https://sorularlarisale.com/risale-i-nur-kulliyati/lemalar/dokuzuncu-lema
  ­şôÑ https://sorularlarisale.com/risale-i-nur-kulliyati/lemalar/dokuzuncu-lema/77
  ­şôÑ https://sorularlarisale.com/risale-i-nur-kulliyati/lemalar/dokuzuncu-lema/78
  ­şôÑ https://sorularlarisale.com/risale-i-nur-kulliyati/lemalar/dokuzuncu-lema/79
  ­şôÑ https://sorularlarisale.com/risale-i-nur-kulliyati/lemalar/dokuzuncu-lema/80
  ­şôÑ https://sorularlarisale.com/risale-i-nur-kulliyati/lemalar/dokuzuncu-lema/81
  ­şôÑ https://sorularlarisale.com/risale-i-nur-kulliyati/lemalar/dokuzuncu-lema/82
  ­şôÑ https://sorularlarisale.com/risale-i-nur-kulliyati/lemalar/dokuzuncu-lema/83
  ­şôÑ https://sorularlarisale.com/risale-i-nur-kulliyati/lemalar/dokuzuncu-lema/84
  ­şôÑ https://sorularlarisale.com/risale-i-nur-kulliyati/lemalar/dokuzuncu-lema/85
  ­şôÑ https://sorularlarisale.com/risale-i-nur-kulliyati/lemalar/dokuzuncu-lema/86
  ­şôÑ https://sorularlarisale.com/risale-i-nur-kulliyati/lemalar/dokuzuncu-lema/87
  ­şôÑ https://sorularlarisale.com/risale-i-nur-kulliyati/lemalar/dokuzuncu-lema/88
  ­şôÑ https://sorularlarisale.com/risale-i-nur-kulliyati/lemalar/dokuzuncu-lema/89
  Ô£à Kaydedildi: 009-dokuzuncu-lema.md (24512 karakter)
  Ô¼ç´©Å  [10/33] ─░ndiriliyor: Onuncu Lem'a...
  ­şôÑ https://sorularlarisale.com/risale-i-nur-kulliyati/lemalar/onuncu-lema
  ­şôÑ https://sorularlarisale.com/risale-i-nur-kulliyati/lemalar/onuncu-lema/91
  ­şôÑ https://sorularlarisale.com/risale-i-nur-kulliyati/lemalar/onuncu-lema/92
  ­şôÑ https://sorularlarisale.com/risale-i-nur-kulliyati/lemalar/onuncu-lema/93
  ­şôÑ https://sorularlarisale.com/risale-i-nur-kulliyati/lemalar/onuncu-lema/94
  ­şôÑ https://sorularlarisale.com/risale-i-nur-kulliyati/lemalar/onuncu-lema/95
  ­şôÑ https://sorularlarisale.com/risale-i-nur-kulliyati/lemalar/onuncu-lema/96
  ­şôÑ https://sorularlarisale.com/risale-i-nur-kulliyati/lemalar/onuncu-lema/97
  ­şôÑ https://sorularlarisale.com/risale-i-nur-kulliyati/lemalar/onuncu-lema/98
  ­şôÑ https://sorularlarisale.com/risale-i-nur-kulliyati/lemalar/onuncu-lema/99
  ­şôÑ https://sorularlarisale.com/risale-i-nur-kulliyati/lemalar/onuncu-lema/100
  ÔÜá´©Å Pagination jump detected (Slug mismatch): onuncu-lema -> http
s://sorularlarisale.com/risale-i-nur-kulliyati/lemalar/on-birinci-lema
/101. Stopping chapter.
  Ô£à Kaydedildi: 010-onuncu-lema.md (21302 karakter)
  Ô¼ç´©Å  [11/33] ─░ndiriliyor: On Birinci Lem'a...
  ­şôÑ https://sorularlarisale.com/risale-i-nur-kulliyati/lemalar/on-birinci-lema
  ­şôÑ https://sorularlarisale.com/risale-i-nur-kulliyati/lemalar/on-birinci-lema/102
  ­şôÑ https://sorularlarisale.com/risale-i-nur-kulliyati/lemalar/on-birinci-lema/103
  ­şôÑ https://sorularlarisale.com/risale-i-nur-kulliyati/lemalar/on-birinci-lema/104
  ­şôÑ https://sorularlarisale.com/risale-i-nur-kulliyati/lemalar/on-birinci-lema/105
  ­şôÑ https://sorularlarisale.com/risale-i-nur-kulliyati/lemalar/on-birinci-lema/106
  ­şôÑ https://sorularlarisale.com/risale-i-nur-kulliyati/lemalar/on-birinci-lema/107
  ­şôÑ https://sorularlarisale.com/risale-i-nur-kulliyati/lemalar/on-birinci-lema/108
  ­şôÑ https://sorularlarisale.com/risale-i-nur-kulliyati/lemalar/on-birinci-lema/109
  ­şôÑ https://sorularlarisale.com/risale-i-nur-kulliyati/lemalar/on-birinci-lema/110
  ­şôÑ https://sorularlarisale.com/risale-i-nur-kulliyati/lemalar/on-birinci-lema/111
  ­şôÑ https://sorularlarisale.com/risale-i-nur-kulliyati/lemalar/on-birinci-lema/112
  ­şôÑ https://sorularlarisale.com/risale-i-nur-kulliyati/lemalar/on-birinci-lema/113
  ­şôÑ https://sorularlarisale.com/risale-i-nur-kulliyati/lemalar/on-birinci-lema/114
  ­şôÑ https://sorularlarisale.com/risale-i-nur-kulliyati/lemalar/on-birinci-lema/115
  ­şôÑ https://sorularlarisale.com/risale-i-nur-kulliyati/lemalar/on-birinci-lema/116
  ­şôÑ https://sorularlarisale.com/risale-i-nur-kulliyati/lemalar/on-birinci-lema/117
  ­şôÑ https://sorularlarisale.com/risale-i-nur-kulliyati/lemalar/on-birinci-lema/118
  ­şôÑ https://sorularlarisale.com/risale-i-nur-kulliyati/lemalar/on-birinci-lema/119
  Ô£à Kaydedildi: 011-on-birinci-lema.md (35770 karakter)
  Ô¼ç´©Å  [12/33] ─░ndiriliyor: On ─░kinci Lem'a...
  ­şôÑ https://sorularlarisale.com/risale-i-nur-kulliyati/lemalar/on-ikinci-lema
  ­şôÑ https://sorularlarisale.com/risale-i-nur-kulliyati/lemalar/on-ikinci-lema/121
  ­şôÑ https://sorularlarisale.com/risale-i-nur-kulliyati/lemalar/on-ikinci-lema/122
  ­şôÑ https://sorularlarisale.com/risale-i-nur-kulliyati/lemalar/on-ikinci-lema/123
  ­şôÑ https://sorularlarisale.com/risale-i-nur-kulliyati/lemalar/on-ikinci-lema/124
  ­şôÑ https://sorularlarisale.com/risale-i-nur-kulliyati/lemalar/on-ikinci-lema/125
  ­şôÑ https://sorularlarisale.com/risale-i-nur-kulliyati/lemalar/on-ikinci-lema/126
  ­şôÑ https://sorularlarisale.com/risale-i-nur-kulliyati/lemalar/on-ikinci-lema/127
  ­şôÑ https://sorularlarisale.com/risale-i-nur-kulliyati/lemalar/on-ikinci-lema/128
  ­şôÑ https://sorularlarisale.com/risale-i-nur-kulliyati/lemalar/on-ikinci-lema/129
  ­şôÑ https://sorularlarisale.com/risale-i-nur-kulliyati/lemalar/on-ikinci-lema/130
  ­şôÑ https://sorularlarisale.com/risale-i-nur-kulliyati/lemalar/on-ikinci-lema/131
  Ô£à Kaydedildi: 012-on-ikinci-lema.md (21585 karakter)
  Ô¼ç´©Å  [13/33] ─░ndiriliyor: On ├£├ğ├╝nc├╝ Lem'a...
  ­şôÑ https://sorularlarisale.com/risale-i-nur-kulliyati/lemalar/on-ucuncu-lema
  ­şôÑ https://sorularlarisale.com/risale-i-nur-kulliyati/lemalar/on-ucuncu-lema/133
  ­şôÑ https://sorularlarisale.com/risale-i-nur-kulliyati/lemalar/on-ucuncu-lema/134
  ­şôÑ https://sorularlarisale.com/risale-i-nur-kulliyati/lemalar/on-ucuncu-lema/135
  ­şôÑ https://sorularlarisale.com/risale-i-nur-kulliyati/lemalar/on-ucuncu-lema/136
  ­şôÑ https://sorularlarisale.com/risale-i-nur-kulliyati/lemalar/on-ucuncu-lema/137
  ­şôÑ https://sorularlarisale.com/risale-i-nur-kulliyati/lemalar/on-ucuncu-lema/138
  ­şôÑ https://sorularlarisale.com/risale-i-nur-kulliyati/lemalar/on-ucuncu-lema/139
  ­şôÑ https://sorularlarisale.com/risale-i-nur-kulliyati/lemalar/on-ucuncu-lema/140
  ­şôÑ https://sorularlarisale.com/risale-i-nur-kulliyati/lemalar/on-ucuncu-lema/141
  ­şôÑ https://sorularlarisale.com/risale-i-nur-kulliyati/lemalar/on-ucuncu-lema/142
  ­şôÑ https://sorularlarisale.com/risale-i-nur-kulliyati/lemalar/on-ucuncu-lema/143
  ­şôÑ https://sorularlarisale.com/risale-i-nur-kulliyati/lemalar/on-ucuncu-lema/144
  ­şôÑ https://sorularlarisale.com/risale-i-nur-kulliyati/lemalar/on-ucuncu-lema/145
  ­şôÑ https://sorularlarisale.com/risale-i-nur-kulliyati/lemalar/on-ucuncu-lema/146
  ­şôÑ https://sorularlarisale.com/risale-i-nur-kulliyati/lemalar/on-ucuncu-lema/147
  ­şôÑ https://sorularlarisale.com/risale-i-nur-kulliyati/lemalar/on-ucuncu-lema/148
  ­şôÑ https://sorularlarisale.com/risale-i-nur-kulliyati/lemalar/on-ucuncu-lema/149
  ­şôÑ https://sorularlarisale.com/risale-i-nur-kulliyati/lemalar/on-ucuncu-lema/150
  ­şôÑ https://sorularlarisale.com/risale-i-nur-kulliyati/lemalar/on-ucuncu-lema/151
  ­şôÑ https://sorularlarisale.com/risale-i-nur-kulliyati/lemalar/on-ucuncu-lema/152
  ­şôÑ https://sorularlarisale.com/risale-i-nur-kulliyati/lemalar/on-ucuncu-lema/153
  ­şôÑ https://sorularlarisale.com/risale-i-nur-kulliyati/lemalar/on-ucuncu-lema/154
  ­şôÑ https://sorularlarisale.com/risale-i-nur-kulliyati/lemalar/on-ucuncu-lema/155
  ­şôÑ https://sorularlarisale.com/risale-i-nur-kulliyati/lemalar/on-ucuncu-lema/156
  ­şôÑ https://sorularlarisale.com/risale-i-nur-kulliyati/lemalar/on-ucuncu-lema/157
  ­şôÑ https://sorularlarisale.com/risale-i-nur-kulliyati/lemalar/on-ucuncu-lema/158
  ­şôÑ https://sorularlarisale.com/risale-i-nur-kulliyati/lemalar/on-ucuncu-lema/159
  ­şôÑ https://sorularlarisale.com/risale-i-nur-kulliyati/lemalar/on-ucuncu-lema/160
  ­şôÑ https://sorularlarisale.com/risale-i-nur-kulliyati/lemalar/on-ucuncu-lema/161
  ­şôÑ https://sorularlarisale.com/risale-i-nur-kulliyati/lemalar/on-ucuncu-lema/162
  Ô£à Kaydedildi: 013-on-ucuncu-lema.md (61184 karakter)
  Ô¼ç´©Å  [14/33] ─░ndiriliyor: On D├Ârd├╝nc├╝ Lem'a...
  ­şôÑ https://sorularlarisale.com/risale-i-nur-kulliyati/lemalar/on-dorduncu-lema
  ­şôÑ https://sorularlarisale.com/risale-i-nur-kulliyati/lemalar/on-dorduncu-lema/164
  ­şôÑ https://sorularlarisale.com/risale-i-nur-kulliyati/lemalar/on-dorduncu-lema/165
  ­şôÑ https://sorularlarisale.com/risale-i-nur-kulliyati/lemalar/on-dorduncu-lema/166
  ­şôÑ https://sorularlarisale.com/risale-i-nur-kulliyati/lemalar/on-dorduncu-lema/167
  ­şôÑ https://sorularlarisale.com/risale-i-nur-kulliyati/lemalar/on-dorduncu-lema/168
  ­şôÑ https://sorularlarisale.com/risale-i-nur-kulliyati/lemalar/on-dorduncu-lema/169
  ­şôÑ https://sorularlarisale.com/risale-i-nur-kulliyati/lemalar/on-dorduncu-lema/170
  Ô£à Kaydedildi: 014-on-dorduncu-lema.md (16121 karakter)
  Ô¼ç´©Å  [15/33] ─░ndiriliyor: On Be┼şinci Lem'a...
  ­şôÑ https://sorularlarisale.com/risale-i-nur-kulliyati/lemalar/on-besinci-lema
  ÔÜá´©Å Pagination jump detected (Slug mismatch): on-besinci-lema -> 
https://sorularlarisale.com/risale-i-nur-kulliyati/lemalar/on-altinci-
lema/183. Stopping chapter.
  Ô£à Kaydedildi: 015-on-besinci-lema.md (327 karakter)
  Ô¼ç´©Å  [16/33] ─░ndiriliyor: On Alt─▒nc─▒ Lem'a...
  ­şôÑ https://sorularlarisale.com/risale-i-nur-kulliyati/lemalar/on-altinci-lema
  ­şôÑ https://sorularlarisale.com/risale-i-nur-kulliyati/lemalar/on-altinci-lema/184
  ­şôÑ https://sorularlarisale.com/risale-i-nur-kulliyati/lemalar/on-altinci-lema/185
  ­şôÑ https://sorularlarisale.com/risale-i-nur-kulliyati/lemalar/on-altinci-lema/186
  ­şôÑ https://sorularlarisale.com/risale-i-nur-kulliyati/lemalar/on-altinci-lema/187
  ­şôÑ https://sorularlarisale.com/risale-i-nur-kulliyati/lemalar/on-altinci-lema/188
  ­şôÑ https://sorularlarisale.com/risale-i-nur-kulliyati/lemalar/on-altinci-lema/189
  ­şôÑ https://sorularlarisale.com/risale-i-nur-kulliyati/lemalar/on-altinci-lema/190
  ­şôÑ https://sorularlarisale.com/risale-i-nur-kulliyati/lemalar/on-altinci-lema/191
  ­şôÑ https://sorularlarisale.com/risale-i-nur-kulliyati/lemalar/on-altinci-lema/192
  ­şôÑ https://sorularlarisale.com/risale-i-nur-kulliyati/lemalar/on-altinci-lema/193
  ­şôÑ https://sorularlarisale.com/risale-i-nur-kulliyati/lemalar/on-altinci-lema/194
  ­şôÑ https://sorularlarisale.com/risale-i-nur-kulliyati/lemalar/on-altinci-lema/195
  ­şôÑ https://sorularlarisale.com/risale-i-nur-kulliyati/lemalar/on-altinci-lema/196
  ­şôÑ https://sorularlarisale.com/risale-i-nur-kulliyati/lemalar/on-altinci-lema/197
  ­şôÑ https://sorularlarisale.com/risale-i-nur-kulliyati/lemalar/on-altinci-lema/198
  ­şôÑ https://sorularlarisale.com/risale-i-nur-kulliyati/lemalar/on-altinci-lema/199
  ÔÜá´©Å Pagination jump detected (Slug mismatch): on-altinci-lema -> 
https://sorularlarisale.com/risale-i-nur-kulliyati/lemalar/on-yedinci-
lema/200. Stopping chapter.
  Ô£à Kaydedildi: 016-on-altinci-lema.md (29080 karakter)
  Ô¼ç´©Å  [17/33] ─░ndiriliyor: On Yedinci Lem'a...
  ­şôÑ https://sorularlarisale.com/risale-i-nur-kulliyati/lemalar/on-yedinci-lema
  ­şôÑ https://sorularlarisale.com/risale-i-nur-kulliyati/lemalar/on-yedinci-lema/201
  ­şôÑ https://sorularlarisale.com/risale-i-nur-kulliyati/lemalar/on-yedinci-lema/202
  ­şôÑ https://sorularlarisale.com/risale-i-nur-kulliyati/lemalar/on-yedinci-lema/203
  ­şôÑ https://sorularlarisale.com/risale-i-nur-kulliyati/lemalar/on-yedinci-lema/204
  ­şôÑ https://sorularlarisale.com/risale-i-nur-kulliyati/lemalar/on-yedinci-lema/205
  ­şôÑ https://sorularlarisale.com/risale-i-nur-kulliyati/lemalar/on-yedinci-lema/206
  ­şôÑ https://sorularlarisale.com/risale-i-nur-kulliyati/lemalar/on-yedinci-lema/207
  ­şôÑ https://sorularlarisale.com/risale-i-nur-kulliyati/lemalar/on-yedinci-lema/208
  ­şôÑ https://sorularlarisale.com/risale-i-nur-kulliyati/lemalar/on-yedinci-lema/209
  ­şôÑ https://sorularlarisale.com/risale-i-nur-kulliyati/lemalar/on-yedinci-lema/210
  ­şôÑ https://sorularlarisale.com/risale-i-nur-kulliyati/lemalar/on-yedinci-lema/211
  ­şôÑ https://sorularlarisale.com/risale-i-nur-kulliyati/lemalar/on-yedinci-lema/212
  ­şôÑ https://sorularlarisale.com/risale-i-nur-kulliyati/lemalar/on-yedinci-lema/213
  ­şôÑ https://sorularlarisale.com/risale-i-nur-kulliyati/lemalar/on-yedinci-lema/214
  ­şôÑ https://sorularlarisale.com/risale-i-nur-kulliyati/lemalar/on-yedinci-lema/215
  ­şôÑ https://sorularlarisale.com/risale-i-nur-kulliyati/lemalar/on-yedinci-lema/216
  ­şôÑ https://sorularlarisale.com/risale-i-nur-kulliyati/lemalar/on-yedinci-lema/217
  ­şôÑ https://sorularlarisale.com/risale-i-nur-kulliyati/lemalar/on-yedinci-lema/218
  ­şôÑ https://sorularlarisale.com/risale-i-nur-kulliyati/lemalar/on-yedinci-lema/219
  ­şôÑ https://sorularlarisale.com/risale-i-nur-kulliyati/lemalar/on-yedinci-lema/220
  ­şôÑ https://sorularlarisale.com/risale-i-nur-kulliyati/lemalar/on-yedinci-lema/221
  ­şôÑ https://sorularlarisale.com/risale-i-nur-kulliyati/lemalar/on-yedinci-lema/222
  ­şôÑ https://sorularlarisale.com/risale-i-nur-kulliyati/lemalar/on-yedinci-lema/223
  ­şôÑ https://sorularlarisale.com/risale-i-nur-kulliyati/lemalar/on-yedinci-lema/224
  ­şôÑ https://sorularlarisale.com/risale-i-nur-kulliyati/lemalar/on-yedinci-lema/225
  ­şôÑ https://sorularlarisale.com/risale-i-nur-kulliyati/lemalar/on-yedinci-lema/226
  ­şôÑ https://sorularlarisale.com/risale-i-nur-kulliyati/lemalar/on-yedinci-lema/227
  ­şôÑ https://sorularlarisale.com/risale-i-nur-kulliyati/lemalar/on-yedinci-lema/228
  ­şôÑ https://sorularlarisale.com/risale-i-nur-kulliyati/lemalar/on-yedinci-lema/229
  ­şôÑ https://sorularlarisale.com/risale-i-nur-kulliyati/lemalar/on-yedinci-lema/230
  ­şôÑ https://sorularlarisale.com/risale-i-nur-kulliyati/lemalar/on-yedinci-lema/231
  ­şôÑ https://sorularlarisale.com/risale-i-nur-kulliyati/lemalar/on-yedinci-lema/232
  ­şôÑ https://sorularlarisale.com/risale-i-nur-kulliyati/lemalar/on-yedinci-lema/233
  ­şôÑ https://sorularlarisale.com/risale-i-nur-kulliyati/lemalar/on-yedinci-lema/234
  ­şôÑ https://sorularlarisale.com/risale-i-nur-kulliyati/lemalar/on-yedinci-lema/235
  ­şôÑ https://sorularlarisale.com/risale-i-nur-kulliyati/lemalar/on-yedinci-lema/236
  ­şôÑ https://sorularlarisale.com/risale-i-nur-kulliyati/lemalar/on-yedinci-lema/237
  ­şôÑ https://sorularlarisale.com/risale-i-nur-kulliyati/lemalar/on-yedinci-lema/238
  Ô£à Kaydedildi: 017-on-yedinci-lema.md (79135 karakter)
  Ô¼ç´©Å  [18/33] ─░ndiriliyor: On Sekizinci Lem'a...
  ­şôÑ https://sorularlarisale.com/risale-i-nur-kulliyati/lemalar/on-sekizinci-lema
  ÔÜá´©Å Pagination jump detected (Slug mismatch): on-sekizinci-lema -
> https://sorularlarisale.com/risale-i-nur-kulliyati/lemalar/on-dokuzu
ncu-lema/239. Stopping chapter.
  Ô£à Kaydedildi: 018-on-sekizinci-lema.md (113 karakter)
  Ô¼ç´©Å  [19/33] ─░ndiriliyor: On Dokuzuncu Lem'a...
  ­şôÑ https://sorularlarisale.com/risale-i-nur-kulliyati/lemalar/on-dokuzuncu-lema
  ­şôÑ https://sorularlarisale.com/risale-i-nur-kulliyati/lemalar/on-dokuzuncu-lema/240
  ­şôÑ https://sorularlarisale.com/risale-i-nur-kulliyati/lemalar/on-dokuzuncu-lema/241
  ­şôÑ https://sorularlarisale.com/risale-i-nur-kulliyati/lemalar/on-dokuzuncu-lema/242
  ­şôÑ https://sorularlarisale.com/risale-i-nur-kulliyati/lemalar/on-dokuzuncu-lema/243
  ­şôÑ https://sorularlarisale.com/risale-i-nur-kulliyati/lemalar/on-dokuzuncu-lema/244
  ­şôÑ https://sorularlarisale.com/risale-i-nur-kulliyati/lemalar/on-dokuzuncu-lema/245
  ­şôÑ https://sorularlarisale.com/risale-i-nur-kulliyati/lemalar/on-dokuzuncu-lema/246
  ­şôÑ https://sorularlarisale.com/risale-i-nur-kulliyati/lemalar/on-dokuzuncu-lema/247
  ­şôÑ https://sorularlarisale.com/risale-i-nur-kulliyati/lemalar/on-dokuzuncu-lema/248
  ­şôÑ https://sorularlarisale.com/risale-i-nur-kulliyati/lemalar/on-dokuzuncu-lema/249
  ­şôÑ https://sorularlarisale.com/risale-i-nur-kulliyati/lemalar/on-dokuzuncu-lema/250
  ­şôÑ https://sorularlarisale.com/risale-i-nur-kulliyati/lemalar/on-dokuzuncu-lema/251
  Ô£à Kaydedildi: 019-on-dokuzuncu-lema.md (24586 karakter)
  Ô¼ç´©Å  [20/33] ─░ndiriliyor: Yirminci Lem'a...
  ­şôÑ https://sorularlarisale.com/risale-i-nur-kulliyati/lemalar/yirminci-lema
  ­şôÑ https://sorularlarisale.com/risale-i-nur-kulliyati/lemalar/yirminci-lema/253
  ­şôÑ https://sorularlarisale.com/risale-i-nur-kulliyati/lemalar/yirminci-lema/254
  ­şôÑ https://sorularlarisale.com/risale-i-nur-kulliyati/lemalar/yirminci-lema/255
  ­şôÑ https://sorularlarisale.com/risale-i-nur-kulliyati/lemalar/yirminci-lema/256
  ­şôÑ https://sorularlarisale.com/risale-i-nur-kulliyati/lemalar/yirminci-lema/257
  ­şôÑ https://sorularlarisale.com/risale-i-nur-kulliyati/lemalar/yirminci-lema/258
  ­şôÑ https://sorularlarisale.com/risale-i-nur-kulliyati/lemalar/yirminci-lema/259
  ­şôÑ https://sorularlarisale.com/risale-i-nur-kulliyati/lemalar/yirminci-lema/260
  ­şôÑ https://sorularlarisale.com/risale-i-nur-kulliyati/lemalar/yirminci-lema/261
  ­şôÑ https://sorularlarisale.com/risale-i-nur-kulliyati/lemalar/yirminci-lema/262
  ­şôÑ https://sorularlarisale.com/risale-i-nur-kulliyati/lemalar/yirminci-lema/263
  ­şôÑ https://sorularlarisale.com/risale-i-nur-kulliyati/lemalar/yirminci-lema/264
  ­şôÑ https://sorularlarisale.com/risale-i-nur-kulliyati/lemalar/yirminci-lema/265
  ­şôÑ https://sorularlarisale.com/risale-i-nur-kulliyati/lemalar/yirminci-lema/266
  Ô£à Kaydedildi: 020-yirminci-lema.md (29463 karakter)
  Ô¼ç´©Å  [21/33] ─░ndiriliyor: Yirmi Birinci Lem'a...
  ­şôÑ https://sorularlarisale.com/risale-i-nur-kulliyati/lemalar/yirmi-birinci-lema
  ­şôÑ https://sorularlarisale.com/risale-i-nur-kulliyati/lemalar/yirmi-birinci-lema/268
  ­şôÑ https://sorularlarisale.com/risale-i-nur-kulliyati/lemalar/yirmi-birinci-lema/269
  ­şôÑ https://sorularlarisale.com/risale-i-nur-kulliyati/lemalar/yirmi-birinci-lema/270
  ­şôÑ https://sorularlarisale.com/risale-i-nur-kulliyati/lemalar/yirmi-birinci-lema/271
  ­şôÑ https://sorularlarisale.com/risale-i-nur-kulliyati/lemalar/yirmi-birinci-lema/272
  ­şôÑ https://sorularlarisale.com/risale-i-nur-kulliyati/lemalar/yirmi-birinci-lema/273
  ­şôÑ https://sorularlarisale.com/risale-i-nur-kulliyati/lemalar/yirmi-birinci-lema/274
  ­şôÑ https://sorularlarisale.com/risale-i-nur-kulliyati/lemalar/yirmi-birinci-lema/275
  ­şôÑ https://sorularlarisale.com/risale-i-nur-kulliyati/lemalar/yirmi-birinci-lema/276
  ­şôÑ https://sorularlarisale.com/risale-i-nur-kulliyati/lemalar/yirmi-birinci-lema/277
  ­şôÑ https://sorularlarisale.com/risale-i-nur-kulliyati/lemalar/yirmi-birinci-lema/278
  ­şôÑ https://sorularlarisale.com/risale-i-nur-kulliyati/lemalar/yirmi-birinci-lema/279
  Ô£à Kaydedildi: 021-yirmi-birinci-lema.md (24552 karakter)
  Ô¼ç´©Å  [22/33] ─░ndiriliyor: Yirmi ─░kinci Lem'a...
  ­şôÑ https://sorularlarisale.com/risale-i-nur-kulliyati/lemalar/yirmi-ikinci-lema
  ­şôÑ https://sorularlarisale.com/risale-i-nur-kulliyati/lemalar/yirmi-ikinci-lema/281
  ­şôÑ https://sorularlarisale.com/risale-i-nur-kulliyati/lemalar/yirmi-ikinci-lema/282
  ­şôÑ https://sorularlarisale.com/risale-i-nur-kulliyati/lemalar/yirmi-ikinci-lema/283
  ­şôÑ https://sorularlarisale.com/risale-i-nur-kulliyati/lemalar/yirmi-ikinci-lema/284
  ­şôÑ https://sorularlarisale.com/risale-i-nur-kulliyati/lemalar/yirmi-ikinci-lema/285
  ­şôÑ https://sorularlarisale.com/risale-i-nur-kulliyati/lemalar/yirmi-ikinci-lema/286
  ­şôÑ https://sorularlarisale.com/risale-i-nur-kulliyati/lemalar/yirmi-ikinci-lema/287
  ­şôÑ https://sorularlarisale.com/risale-i-nur-kulliyati/lemalar/yirmi-ikinci-lema/288
  ­şôÑ https://sorularlarisale.com/risale-i-nur-kulliyati/lemalar/yirmi-ikinci-lema/289
  ­şôÑ https://sorularlarisale.com/risale-i-nur-kulliyati/lemalar/yirmi-ikinci-lema/290
  Ô£à Kaydedildi: 022-yirmi-ikinci-lema.md (19620 karakter)
  Ô¼ç´©Å  [23/33] ─░ndiriliyor: Yirmi ├£├ğ├╝nc├╝ Lem'a...
  ­şôÑ https://sorularlarisale.com/risale-i-nur-kulliyati/lemalar/yirmi-ucuncu-lema
  ­şôÑ https://sorularlarisale.com/risale-i-nur-kulliyati/lemalar/yirmi-ucuncu-lema/292
  ­şôÑ https://sorularlarisale.com/risale-i-nur-kulliyati/lemalar/yirmi-ucuncu-lema/293
  ­şôÑ https://sorularlarisale.com/risale-i-nur-kulliyati/lemalar/yirmi-ucuncu-lema/294
  ­şôÑ https://sorularlarisale.com/risale-i-nur-kulliyati/lemalar/yirmi-ucuncu-lema/295
  ­şôÑ https://sorularlarisale.com/risale-i-nur-kulliyati/lemalar/yirmi-ucuncu-lema/296
  ­şôÑ https://sorularlarisale.com/risale-i-nur-kulliyati/lemalar/yirmi-ucuncu-lema/297
  ­şôÑ https://sorularlarisale.com/risale-i-nur-kulliyati/lemalar/yirmi-ucuncu-lema/298
  ­şôÑ https://sorularlarisale.com/risale-i-nur-kulliyati/lemalar/yirmi-ucuncu-lema/299
  ­şôÑ https://sorularlarisale.com/risale-i-nur-kulliyati/lemalar/yirmi-ucuncu-lema/300
  ­şôÑ https://sorularlarisale.com/risale-i-nur-kulliyati/lemalar/yirmi-ucuncu-lema/301
  ­şôÑ https://sorularlarisale.com/risale-i-nur-kulliyati/lemalar/yirmi-ucuncu-lema/302
  ­şôÑ https://sorularlarisale.com/risale-i-nur-kulliyati/lemalar/yirmi-ucuncu-lema/303
  ­şôÑ https://sorularlarisale.com/risale-i-nur-kulliyati/lemalar/yirmi-ucuncu-lema/304
  ­şôÑ https://sorularlarisale.com/risale-i-nur-kulliyati/lemalar/yirmi-ucuncu-lema/305
  ­şôÑ https://sorularlarisale.com/risale-i-nur-kulliyati/lemalar/yirmi-ucuncu-lema/306
  ­şôÑ https://sorularlarisale.com/risale-i-nur-kulliyati/lemalar/yirmi-ucuncu-lema/307
  ­şôÑ https://sorularlarisale.com/risale-i-nur-kulliyati/lemalar/yirmi-ucuncu-lema/308
  ­şôÑ https://sorularlarisale.com/risale-i-nur-kulliyati/lemalar/yirmi-ucuncu-lema/309
  ­şôÑ https://sorularlarisale.com/risale-i-nur-kulliyati/lemalar/yirmi-ucuncu-lema/310
  ­şôÑ https://sorularlarisale.com/risale-i-nur-kulliyati/lemalar/yirmi-ucuncu-lema/311
  ­şôÑ https://sorularlarisale.com/risale-i-nur-kulliyati/lemalar/yirmi-ucuncu-lema/312
  ­şôÑ https://sorularlarisale.com/risale-i-nur-kulliyati/lemalar/yirmi-ucuncu-lema/313
  ­şôÑ https://sorularlarisale.com/risale-i-nur-kulliyati/lemalar/yirmi-ucuncu-lema/314
  ­şôÑ https://sorularlarisale.com/risale-i-nur-kulliyati/lemalar/yirmi-ucuncu-lema/315
  ­şôÑ https://sorularlarisale.com/risale-i-nur-kulliyati/lemalar/yirmi-ucuncu-lema/316
  Ô£à Kaydedildi: 023-yirmi-ucuncu-lema.md (55994 karakter)
  Ô¼ç´©Å  [24/33] ─░ndiriliyor: Yirmi D├Ârd├╝nc├╝ Lem'a...
  ­şôÑ https://sorularlarisale.com/risale-i-nur-kulliyati/lemalar/yirmi-dorduncu-lema
  ­şôÑ https://sorularlarisale.com/risale-i-nur-kulliyati/lemalar/yirmi-dorduncu-lema/318
  ­şôÑ https://sorularlarisale.com/risale-i-nur-kulliyati/lemalar/yirmi-dorduncu-lema/319
  ­şôÑ https://sorularlarisale.com/risale-i-nur-kulliyati/lemalar/yirmi-dorduncu-lema/320
  ­şôÑ https://sorularlarisale.com/risale-i-nur-kulliyati/lemalar/yirmi-dorduncu-lema/321
  ­şôÑ https://sorularlarisale.com/risale-i-nur-kulliyati/lemalar/yirmi-dorduncu-lema/322
  ­şôÑ https://sorularlarisale.com/risale-i-nur-kulliyati/lemalar/yirmi-dorduncu-lema/323
  ­şôÑ https://sorularlarisale.com/risale-i-nur-kulliyati/lemalar/yirmi-dorduncu-lema/324
  ­şôÑ https://sorularlarisale.com/risale-i-nur-kulliyati/lemalar/yirmi-dorduncu-lema/325
  ­şôÑ https://sorularlarisale.com/risale-i-nur-kulliyati/lemalar/yirmi-dorduncu-lema/326
  ­şôÑ https://sorularlarisale.com/risale-i-nur-kulliyati/lemalar/yirmi-dorduncu-lema/327
  ­şôÑ https://sorularlarisale.com/risale-i-nur-kulliyati/lemalar/yirmi-dorduncu-lema/328
  ­şôÑ https://sorularlarisale.com/risale-i-nur-kulliyati/lemalar/yirmi-dorduncu-lema/329
  Ô£à Kaydedildi: 024-yirmi-dorduncu-lema.md (24650 karakter)
  Ô¼ç´©Å  [25/33] ─░ndiriliyor: Yirmi Be┼şinci Lem'a...
  ­şôÑ https://sorularlarisale.com/risale-i-nur-kulliyati/lemalar/yirmi-besinci-lema
  ­şôÑ https://sorularlarisale.com/risale-i-nur-kulliyati/lemalar/yirmi-besinci-lema/331
  ­şôÑ https://sorularlarisale.com/risale-i-nur-kulliyati/lemalar/yirmi-besinci-lema/332
  ­şôÑ https://sorularlarisale.com/risale-i-nur-kulliyati/lemalar/yirmi-besinci-lema/333
  ­şôÑ https://sorularlarisale.com/risale-i-nur-kulliyati/lemalar/yirmi-besinci-lema/334
  ­şôÑ https://sorularlarisale.com/risale-i-nur-kulliyati/lemalar/yirmi-besinci-lema/335
  ­şôÑ https://sorularlarisale.com/risale-i-nur-kulliyati/lemalar/yirmi-besinci-lema/336
  ­şôÑ https://sorularlarisale.com/risale-i-nur-kulliyati/lemalar/yirmi-besinci-lema/337
  ­şôÑ https://sorularlarisale.com/risale-i-nur-kulliyati/lemalar/yirmi-besinci-lema/338
  ­şôÑ https://sorularlarisale.com/risale-i-nur-kulliyati/lemalar/yirmi-besinci-lema/339
  ­şôÑ https://sorularlarisale.com/risale-i-nur-kulliyati/lemalar/yirmi-besinci-lema/340
  ­şôÑ https://sorularlarisale.com/risale-i-nur-kulliyati/lemalar/yirmi-besinci-lema/341
  ­şôÑ https://sorularlarisale.com/risale-i-nur-kulliyati/lemalar/yirmi-besinci-lema/342
  ­şôÑ https://sorularlarisale.com/risale-i-nur-kulliyati/lemalar/yirmi-besinci-lema/343
  ­şôÑ https://sorularlarisale.com/risale-i-nur-kulliyati/lemalar/yirmi-besinci-lema/344
  ­şôÑ https://sorularlarisale.com/risale-i-nur-kulliyati/lemalar/yirmi-besinci-lema/345
  ­şôÑ https://sorularlarisale.com/risale-i-nur-kulliyati/lemalar/yirmi-besinci-lema/346
  ­şôÑ https://sorularlarisale.com/risale-i-nur-kulliyati/lemalar/yirmi-besinci-lema/347
  ­şôÑ https://sorularlarisale.com/risale-i-nur-kulliyati/lemalar/yirmi-besinci-lema/348
  ­şôÑ https://sorularlarisale.com/risale-i-nur-kulliyati/lemalar/yirmi-besinci-lema/349
  ­şôÑ https://sorularlarisale.com/risale-i-nur-kulliyati/lemalar/yirmi-besinci-lema/350
  ­şôÑ https://sorularlarisale.com/risale-i-nur-kulliyati/lemalar/yirmi-besinci-lema/351
  ­şôÑ https://sorularlarisale.com/risale-i-nur-kulliyati/lemalar/yirmi-besinci-lema/352
  Ô£à Kaydedildi: 025-yirmi-besinci-lema.md (51838 karakter)
  Ô¼ç´©Å  [26/33] ─░ndiriliyor: Yirmi Alt─▒nc─▒ Lem'a...
  ­şôÑ https://sorularlarisale.com/risale-i-nur-kulliyati/lemalar/yirmi-altinci-lema
  ­şôÑ https://sorularlarisale.com/risale-i-nur-kulliyati/lemalar/yirmi-altinci-lema/355
  ­şôÑ https://sorularlarisale.com/risale-i-nur-kulliyati/lemalar/yirmi-altinci-lema/356
  ­şôÑ https://sorularlarisale.com/risale-i-nur-kulliyati/lemalar/yirmi-altinci-lema/357
  ­şôÑ https://sorularlarisale.com/risale-i-nur-kulliyati/lemalar/yirmi-altinci-lema/358
  ­şôÑ https://sorularlarisale.com/risale-i-nur-kulliyati/lemalar/yirmi-altinci-lema/359
  ­şôÑ https://sorularlarisale.com/risale-i-nur-kulliyati/lemalar/yirmi-altinci-lema/360
  ­şôÑ https://sorularlarisale.com/risale-i-nur-kulliyati/lemalar/yirmi-altinci-lema/361
  ­şôÑ https://sorularlarisale.com/risale-i-nur-kulliyati/lemalar/yirmi-altinci-lema/362
  ­şôÑ https://sorularlarisale.com/risale-i-nur-kulliyati/lemalar/yirmi-altinci-lema/363
  ­şôÑ https://sorularlarisale.com/risale-i-nur-kulliyati/lemalar/yirmi-altinci-lema/364
  ­şôÑ https://sorularlarisale.com/risale-i-nur-kulliyati/lemalar/yirmi-altinci-lema/365
  ­şôÑ https://sorularlarisale.com/risale-i-nur-kulliyati/lemalar/yirmi-altinci-lema/366
  ­şôÑ https://sorularlarisale.com/risale-i-nur-kulliyati/lemalar/yirmi-altinci-lema/367
  ­şôÑ https://sorularlarisale.com/risale-i-nur-kulliyati/lemalar/yirmi-altinci-lema/368
  ­şôÑ https://sorularlarisale.com/risale-i-nur-kulliyati/lemalar/yirmi-altinci-lema/369
  ­şôÑ https://sorularlarisale.com/risale-i-nur-kulliyati/lemalar/yirmi-altinci-lema/370
  ­şôÑ https://sorularlarisale.com/risale-i-nur-kulliyati/lemalar/yirmi-altinci-lema/371
  ­şôÑ https://sorularlarisale.com/risale-i-nur-kulliyati/lemalar/yirmi-altinci-lema/372
  ­şôÑ https://sorularlarisale.com/risale-i-nur-kulliyati/lemalar/yirmi-altinci-lema/373
  ­şôÑ https://sorularlarisale.com/risale-i-nur-kulliyati/lemalar/yirmi-altinci-lema/374
  ­şôÑ https://sorularlarisale.com/risale-i-nur-kulliyati/lemalar/yirmi-altinci-lema/375
  ­şôÑ https://sorularlarisale.com/risale-i-nur-kulliyati/lemalar/yirmi-altinci-lema/376
  ­şôÑ https://sorularlarisale.com/risale-i-nur-kulliyati/lemalar/yirmi-altinci-lema/377
  ­şôÑ https://sorularlarisale.com/risale-i-nur-kulliyati/lemalar/yirmi-altinci-lema/378
  ­şôÑ https://sorularlarisale.com/risale-i-nur-kulliyati/lemalar/yirmi-altinci-lema/379
  ­şôÑ https://sorularlarisale.com/risale-i-nur-kulliyati/lemalar/yirmi-altinci-lema/380
  ­şôÑ https://sorularlarisale.com/risale-i-nur-kulliyati/lemalar/yirmi-altinci-lema/381
  ­şôÑ https://sorularlarisale.com/risale-i-nur-kulliyati/lemalar/yirmi-altinci-lema/382
  ­şôÑ https://sorularlarisale.com/risale-i-nur-kulliyati/lemalar/yirmi-altinci-lema/383
  ­şôÑ https://sorularlarisale.com/risale-i-nur-kulliyati/lemalar/yirmi-altinci-lema/384
  ­şôÑ https://sorularlarisale.com/risale-i-nur-kulliyati/lemalar/yirmi-altinci-lema/385
  ­şôÑ https://sorularlarisale.com/risale-i-nur-kulliyati/lemalar/yirmi-altinci-lema/386
  ­şôÑ https://sorularlarisale.com/risale-i-nur-kulliyati/lemalar/yirmi-altinci-lema/387
  ­şôÑ https://sorularlarisale.com/risale-i-nur-kulliyati/lemalar/yirmi-altinci-lema/388
  ­şôÑ https://sorularlarisale.com/risale-i-nur-kulliyati/lemalar/yirmi-altinci-lema/389
  ­şôÑ https://sorularlarisale.com/risale-i-nur-kulliyati/lemalar/yirmi-altinci-lema/390
  ­şôÑ https://sorularlarisale.com/risale-i-nur-kulliyati/lemalar/yirmi-altinci-lema/391
  ­şôÑ https://sorularlarisale.com/risale-i-nur-kulliyati/lemalar/yirmi-altinci-lema/392
  ­şôÑ https://sorularlarisale.com/risale-i-nur-kulliyati/lemalar/yirmi-altinci-lema/393
  ­şôÑ https://sorularlarisale.com/risale-i-nur-kulliyati/lemalar/yirmi-altinci-lema/394
  ­şôÑ https://sorularlarisale.com/risale-i-nur-kulliyati/lemalar/yirmi-altinci-lema/395
  ­şôÑ https://sorularlarisale.com/risale-i-nur-kulliyati/lemalar/yirmi-altinci-lema/396
  ­şôÑ https://sorularlarisale.com/risale-i-nur-kulliyati/lemalar/yirmi-altinci-lema/397
  ­şôÑ https://sorularlarisale.com/risale-i-nur-kulliyati/lemalar/yirmi-altinci-lema/398
  ­şôÑ https://sorularlarisale.com/risale-i-nur-kulliyati/lemalar/yirmi-altinci-lema/399
  ­şôÑ https://sorularlarisale.com/risale-i-nur-kulliyati/lemalar/yirmi-altinci-lema/400
  ­şôÑ https://sorularlarisale.com/risale-i-nur-kulliyati/lemalar/yirmi-altinci-lema/401
  ­şôÑ https://sorularlarisale.com/risale-i-nur-kulliyati/lemalar/yirmi-altinci-lema/402
  ­şôÑ https://sorularlarisale.com/risale-i-nur-kulliyati/lemalar/yirmi-altinci-lema/403
  ­şôÑ https://sorularlarisale.com/risale-i-nur-kulliyati/lemalar/yirmi-altinci-lema/404
  ­şôÑ https://sorularlarisale.com/risale-i-nur-kulliyati/lemalar/yirmi-altinci-lema/405
  ­şôÑ https://sorularlarisale.com/risale-i-nur-kulliyati/lemalar/yirmi-altinci-lema/406
  ­şôÑ https://sorularlarisale.com/risale-i-nur-kulliyati/lemalar/yirmi-altinci-lema/407
  ­şôÑ https://sorularlarisale.com/risale-i-nur-kulliyati/lemalar/yirmi-altinci-lema/408
  ­şôÑ https://sorularlarisale.com/risale-i-nur-kulliyati/lemalar/yirmi-altinci-lema/409
  ­şôÑ https://sorularlarisale.com/risale-i-nur-kulliyati/lemalar/yirmi-altinci-lema/410
  ­şôÑ https://sorularlarisale.com/risale-i-nur-kulliyati/lemalar/yirmi-altinci-lema/411
  ­şôÑ https://sorularlarisale.com/risale-i-nur-kulliyati/lemalar/yirmi-altinci-lema/412
  ­şôÑ https://sorularlarisale.com/risale-i-nur-kulliyati/lemalar/yirmi-altinci-lema/413
  ­şôÑ https://sorularlarisale.com/risale-i-nur-kulliyati/lemalar/yirmi-altinci-lema/414
  ­şôÑ https://sorularlarisale.com/risale-i-nur-kulliyati/lemalar/yirmi-altinci-lema/415
  ­şôÑ https://sorularlarisale.com/risale-i-nur-kulliyati/lemalar/yirmi-altinci-lema/416
  ­şôÑ https://sorularlarisale.com/risale-i-nur-kulliyati/lemalar/yirmi-altinci-lema/417
  Ô£à Kaydedildi: 026-yirmi-altinci-lema.md (135346 karakter)
  Ô¼ç´©Å  [27/33] ─░ndiriliyor: Yirmi Yedinci Lem'a...
  ­şôÑ https://sorularlarisale.com/risale-i-nur-kulliyati/lemalar/yirmi-yedinci-lema
  ÔÜá´©Å Pagination jump detected (Slug mismatch): yirmi-yedinci-lema 
-> https://sorularlarisale.com/risale-i-nur-kulliyati/lemalar/yirmi-se
kizinci-lema/418. Stopping chapter.
  Ô£à Kaydedildi: 027-yirmi-yedinci-lema.md (86 karakter)
  Ô¼ç´©Å  [28/33] ─░ndiriliyor: Yirmi Sekizinci Lem'a...
  ­şôÑ https://sorularlarisale.com/risale-i-nur-kulliyati/lemalar/yirmi-sekizinci-lema
  ­şôÑ https://sorularlarisale.com/risale-i-nur-kulliyati/lemalar/yirmi-sekizinci-lema/419
  ­şôÑ https://sorularlarisale.com/risale-i-nur-kulliyati/lemalar/yirmi-sekizinci-lema/420
  ­şôÑ https://sorularlarisale.com/risale-i-nur-kulliyati/lemalar/yirmi-sekizinci-lema/421
  ­şôÑ https://sorularlarisale.com/risale-i-nur-kulliyati/lemalar/yirmi-sekizinci-lema/422
  ­şôÑ https://sorularlarisale.com/risale-i-nur-kulliyati/lemalar/yirmi-sekizinci-lema/423
  ­şôÑ https://sorularlarisale.com/risale-i-nur-kulliyati/lemalar/yirmi-sekizinci-lema/424
  ­şôÑ https://sorularlarisale.com/risale-i-nur-kulliyati/lemalar/yirmi-sekizinci-lema/425
  ­şôÑ https://sorularlarisale.com/risale-i-nur-kulliyati/lemalar/yirmi-sekizinci-lema/426
  ­şôÑ https://sorularlarisale.com/risale-i-nur-kulliyati/lemalar/yirmi-sekizinci-lema/427
  ­şôÑ https://sorularlarisale.com/risale-i-nur-kulliyati/lemalar/yirmi-sekizinci-lema/428
  ­şôÑ https://sorularlarisale.com/risale-i-nur-kulliyati/lemalar/yirmi-sekizinci-lema/429
  ­şôÑ https://sorularlarisale.com/risale-i-nur-kulliyati/lemalar/yirmi-sekizinci-lema/430
  ­şôÑ https://sorularlarisale.com/risale-i-nur-kulliyati/lemalar/yirmi-sekizinci-lema/431
  ­şôÑ https://sorularlarisale.com/risale-i-nur-kulliyati/lemalar/yirmi-sekizinci-lema/432
  ­şôÑ https://sorularlarisale.com/risale-i-nur-kulliyati/lemalar/yirmi-sekizinci-lema/433
  ­şôÑ https://sorularlarisale.com/risale-i-nur-kulliyati/lemalar/yirmi-sekizinci-lema/434
  ­şôÑ https://sorularlarisale.com/risale-i-nur-kulliyati/lemalar/yirmi-sekizinci-lema/435
  ­şôÑ https://sorularlarisale.com/risale-i-nur-kulliyati/lemalar/yirmi-sekizinci-lema/436
  ­şôÑ https://sorularlarisale.com/risale-i-nur-kulliyati/lemalar/yirmi-sekizinci-lema/437
  ­şôÑ https://sorularlarisale.com/risale-i-nur-kulliyati/lemalar/yirmi-sekizinci-lema/438
  ­şôÑ https://sorularlarisale.com/risale-i-nur-kulliyati/lemalar/yirmi-sekizinci-lema/439
  ­şôÑ https://sorularlarisale.com/risale-i-nur-kulliyati/lemalar/yirmi-sekizinci-lema/440
  ­şôÑ https://sorularlarisale.com/risale-i-nur-kulliyati/lemalar/yirmi-sekizinci-lema/441
  ­şôÑ https://sorularlarisale.com/risale-i-nur-kulliyati/lemalar/yirmi-sekizinci-lema/442
  ­şôÑ https://sorularlarisale.com/risale-i-nur-kulliyati/lemalar/yirmi-sekizinci-lema/443
  ­şôÑ https://sorularlarisale.com/risale-i-nur-kulliyati/lemalar/yirmi-sekizinci-lema/444
  ­şôÑ https://sorularlarisale.com/risale-i-nur-kulliyati/lemalar/yirmi-sekizinci-lema/445
  ­şôÑ https://sorularlarisale.com/risale-i-nur-kulliyati/lemalar/yirmi-sekizinci-lema/446
  ­şôÑ https://sorularlarisale.com/risale-i-nur-kulliyati/lemalar/yirmi-sekizinci-lema/447
  ­şôÑ https://sorularlarisale.com/risale-i-nur-kulliyati/lemalar/yirmi-sekizinci-lema/448
  ­şôÑ https://sorularlarisale.com/risale-i-nur-kulliyati/lemalar/yirmi-sekizinci-lema/449
  ­şôÑ https://sorularlarisale.com/risale-i-nur-kulliyati/lemalar/yirmi-sekizinci-lema/450
  ­şôÑ https://sorularlarisale.com/risale-i-nur-kulliyati/lemalar/yirmi-sekizinci-lema/451
  ­şôÑ https://sorularlarisale.com/risale-i-nur-kulliyati/lemalar/yirmi-sekizinci-lema/452
  ­şôÑ https://sorularlarisale.com/risale-i-nur-kulliyati/lemalar/yirmi-sekizinci-lema/453
  ­şôÑ https://sorularlarisale.com/risale-i-nur-kulliyati/lemalar/yirmi-sekizinci-lema/454
  ­şôÑ https://sorularlarisale.com/risale-i-nur-kulliyati/lemalar/yirmi-sekizinci-lema/455
  ­şôÑ https://sorularlarisale.com/risale-i-nur-kulliyati/lemalar/yirmi-sekizinci-lema/456
  ­şôÑ https://sorularlarisale.com/risale-i-nur-kulliyati/lemalar/yirmi-sekizinci-lema/457
  ­şôÑ https://sorularlarisale.com/risale-i-nur-kulliyati/lemalar/yirmi-sekizinci-lema/458
  ­şôÑ https://sorularlarisale.com/risale-i-nur-kulliyati/lemalar/yirmi-sekizinci-lema/459
  ­şôÑ https://sorularlarisale.com/risale-i-nur-kulliyati/lemalar/yirmi-sekizinci-lema/460
  ­şôÑ https://sorularlarisale.com/risale-i-nur-kulliyati/lemalar/yirmi-sekizinci-lema/461
  ­şôÑ https://sorularlarisale.com/risale-i-nur-kulliyati/lemalar/yirmi-sekizinci-lema/462
  ­şôÑ https://sorularlarisale.com/risale-i-nur-kulliyati/lemalar/yirmi-sekizinci-lema/463
  ­şôÑ https://sorularlarisale.com/risale-i-nur-kulliyati/lemalar/yirmi-sekizinci-lema/464
  ­şôÑ https://sorularlarisale.com/risale-i-nur-kulliyati/lemalar/yirmi-sekizinci-lema/465
  ­şôÑ https://sorularlarisale.com/risale-i-nur-kulliyati/lemalar/yirmi-sekizinci-lema/466
  ­şôÑ https://sorularlarisale.com/risale-i-nur-kulliyati/lemalar/yirmi-sekizinci-lema/467
  ­şôÑ https://sorularlarisale.com/risale-i-nur-kulliyati/lemalar/yirmi-sekizinci-lema/468
  ­şôÑ https://sorularlarisale.com/risale-i-nur-kulliyati/lemalar/yirmi-sekizinci-lema/469
  ­şôÑ https://sorularlarisale.com/risale-i-nur-kulliyati/lemalar/yirmi-sekizinci-lema/470
  ­şôÑ https://sorularlarisale.com/risale-i-nur-kulliyati/lemalar/yirmi-sekizinci-lema/471
  ­şôÑ https://sorularlarisale.com/risale-i-nur-kulliyati/lemalar/yirmi-sekizinci-lema/472
  ­şôÑ https://sorularlarisale.com/risale-i-nur-kulliyati/lemalar/yirmi-sekizinci-lema/473
  ­şôÑ https://sorularlarisale.com/risale-i-nur-kulliyati/lemalar/yirmi-sekizinci-lema/474
  Ô£à Kaydedildi: 028-yirmi-sekizinci-lema.md (119128 karakter)
  Ô¼ç´©Å  [29/33] ─░ndiriliyor: Yirmi Dokuzuncu Lem'a...
  ­şôÑ https://sorularlarisale.com/risale-i-nur-kulliyati/lemalar/yirmi-dokuzuncu-lema
  ­şôÑ https://sorularlarisale.com/risale-i-nur-kulliyati/lemalar/yirmi-dokuzuncu-lema/477
  ­şôÑ https://sorularlarisale.com/risale-i-nur-kulliyati/lemalar/yirmi-dokuzuncu-lema/478
  ­şôÑ https://sorularlarisale.com/risale-i-nur-kulliyati/lemalar/yirmi-dokuzuncu-lema/birinci-bab/479
  ­şôÑ https://sorularlarisale.com/risale-i-nur-kulliyati/lemalar/yirmi-dokuzuncu-lema/birinci-bab/480
  ­şôÑ https://sorularlarisale.com/risale-i-nur-kulliyati/lemalar/yirmi-dokuzuncu-lema/birinci-bab/481
  ­şôÑ https://sorularlarisale.com/risale-i-nur-kulliyati/lemalar/yirmi-dokuzuncu-lema/birinci-bab/482
  ­şôÑ https://sorularlarisale.com/risale-i-nur-kulliyati/lemalar/yirmi-dokuzuncu-lema/birinci-bab/483
  ­şôÑ https://sorularlarisale.com/risale-i-nur-kulliyati/lemalar/yirmi-dokuzuncu-lema/birinci-bab/484
  ­şôÑ https://sorularlarisale.com/risale-i-nur-kulliyati/lemalar/yirmi-dokuzuncu-lema/birinci-bab/485
  ­şôÑ https://sorularlarisale.com/risale-i-nur-kulliyati/lemalar/yirmi-dokuzuncu-lema/birinci-bab/486
  ­şôÑ https://sorularlarisale.com/risale-i-nur-kulliyati/lemalar/yirmi-dokuzuncu-lema/ikinci-bab/487
  ­şôÑ https://sorularlarisale.com/risale-i-nur-kulliyati/lemalar/yirmi-dokuzuncu-lema/ikinci-bab/488
  ­şôÑ https://sorularlarisale.com/risale-i-nur-kulliyati/lemalar/yirmi-dokuzuncu-lema/ikinci-bab/489
  ­şôÑ https://sorularlarisale.com/risale-i-nur-kulliyati/lemalar/yirmi-dokuzuncu-lema/ikinci-bab/490
  ­şôÑ https://sorularlarisale.com/risale-i-nur-kulliyati/lemalar/yirmi-dokuzuncu-lema/ikinci-bab/491
  ­şôÑ https://sorularlarisale.com/risale-i-nur-kulliyati/lemalar/yirmi-dokuzuncu-lema/ikinci-bab/492
  ­şôÑ https://sorularlarisale.com/risale-i-nur-kulliyati/lemalar/yirmi-dokuzuncu-lema/ikinci-bab/493
  ­şôÑ https://sorularlarisale.com/risale-i-nur-kulliyati/lemalar/yirmi-dokuzuncu-lema/ikinci-bab/494
  ­şôÑ https://sorularlarisale.com/risale-i-nur-kulliyati/lemalar/yirmi-dokuzuncu-lema/ikinci-bab/495
  ­şôÑ https://sorularlarisale.com/risale-i-nur-kulliyati/lemalar/yirmi-dokuzuncu-lema/ikinci-bab/496
  ­şôÑ https://sorularlarisale.com/risale-i-nur-kulliyati/lemalar/yirmi-dokuzuncu-lema/ikinci-bab/497
  ­şôÑ https://sorularlarisale.com/risale-i-nur-kulliyati/lemalar/yirmi-dokuzuncu-lema/ikinci-bab/498
  ­şôÑ https://sorularlarisale.com/risale-i-nur-kulliyati/lemalar/yirmi-dokuzuncu-lema/ucuncu-bab/499
  ­şôÑ https://sorularlarisale.com/risale-i-nur-kulliyati/lemalar/yirmi-dokuzuncu-lema/ucuncu-bab/500
  ­şôÑ https://sorularlarisale.com/risale-i-nur-kulliyati/lemalar/yirmi-dokuzuncu-lema/ucuncu-bab/501
  ­şôÑ https://sorularlarisale.com/risale-i-nur-kulliyati/lemalar/yirmi-dokuzuncu-lema/ucuncu-bab/502
  ­şôÑ https://sorularlarisale.com/risale-i-nur-kulliyati/lemalar/yirmi-dokuzuncu-lema/ucuncu-bab/503
  ­şôÑ https://sorularlarisale.com/risale-i-nur-kulliyati/lemalar/yirmi-dokuzuncu-lema/ucuncu-bab/504
  ­şôÑ https://sorularlarisale.com/risale-i-nur-kulliyati/lemalar/yirmi-dokuzuncu-lema/ucuncu-bab/505
  ­şôÑ https://sorularlarisale.com/risale-i-nur-kulliyati/lemalar/yirmi-dokuzuncu-lema/ucuncu-bab/506
  ­şôÑ https://sorularlarisale.com/risale-i-nur-kulliyati/lemalar/yirmi-dokuzuncu-lema/ucuncu-bab/507
  ­şôÑ https://sorularlarisale.com/risale-i-nur-kulliyati/lemalar/yirmi-dokuzuncu-lema/ucuncu-bab/508
  ­şôÑ https://sorularlarisale.com/risale-i-nur-kulliyati/lemalar/yirmi-dokuzuncu-lema/ucuncu-bab/509
  ­şôÑ https://sorularlarisale.com/risale-i-nur-kulliyati/lemalar/yirmi-dokuzuncu-lema/ucuncu-bab/510
  ­şôÑ https://sorularlarisale.com/risale-i-nur-kulliyati/lemalar/yirmi-dokuzuncu-lema/ucuncu-bab/511
  ­şôÑ https://sorularlarisale.com/risale-i-nur-kulliyati/lemalar/yirmi-dokuzuncu-lema/ucuncu-bab/512
  ­şôÑ https://sorularlarisale.com/risale-i-nur-kulliyati/lemalar/yirmi-dokuzuncu-lema/ucuncu-bab/513
  ­şôÑ https://sorularlarisale.com/risale-i-nur-kulliyati/lemalar/yirmi-dokuzuncu-lema/ucuncu-bab/514
  ­şôÑ https://sorularlarisale.com/risale-i-nur-kulliyati/lemalar/yirmi-dokuzuncu-lema/ucuncu-bab/515
  ­şôÑ https://sorularlarisale.com/risale-i-nur-kulliyati/lemalar/yirmi-dokuzuncu-lema/ucuncu-bab/516
  ­şôÑ https://sorularlarisale.com/risale-i-nur-kulliyati/lemalar/yirmi-dokuzuncu-lema/dorduncu-bab/517
  ­şôÑ https://sorularlarisale.com/risale-i-nur-kulliyati/lemalar/yirmi-dokuzuncu-lema/dorduncu-bab/518
  ­şôÑ https://sorularlarisale.com/risale-i-nur-kulliyati/lemalar/yirmi-dokuzuncu-lema/dorduncu-bab/519
  ­şôÑ https://sorularlarisale.com/risale-i-nur-kulliyati/lemalar/yirmi-dokuzuncu-lema/dorduncu-bab/520
  ­şôÑ https://sorularlarisale.com/risale-i-nur-kulliyati/lemalar/yirmi-dokuzuncu-lema/dorduncu-bab/521
  ­şôÑ https://sorularlarisale.com/risale-i-nur-kulliyati/lemalar/yirmi-dokuzuncu-lema/dorduncu-bab/522
  ­şôÑ https://sorularlarisale.com/risale-i-nur-kulliyati/lemalar/yirmi-dokuzuncu-lema/dorduncu-bab/523
  ­şôÑ https://sorularlarisale.com/risale-i-nur-kulliyati/lemalar/yirmi-dokuzuncu-lema/dorduncu-bab/524
  ­şôÑ https://sorularlarisale.com/risale-i-nur-kulliyati/lemalar/yirmi-dokuzuncu-lema/dorduncu-bab/525
  ­şôÑ https://sorularlarisale.com/risale-i-nur-kulliyati/lemalar/yirmi-dokuzuncu-lema/dorduncu-bab/526
  ­şôÑ https://sorularlarisale.com/risale-i-nur-kulliyati/lemalar/yirmi-dokuzuncu-lema/dorduncu-bab/527
  ­şôÑ https://sorularlarisale.com/risale-i-nur-kulliyati/lemalar/yirmi-dokuzuncu-lema/dorduncu-bab/528
  ­şôÑ https://sorularlarisale.com/risale-i-nur-kulliyati/lemalar/yirmi-dokuzuncu-lema/dorduncu-bab/529
  ­şôÑ https://sorularlarisale.com/risale-i-nur-kulliyati/lemalar/yirmi-dokuzuncu-lema/dorduncu-bab/530
  ­şôÑ https://sorularlarisale.com/risale-i-nur-kulliyati/lemalar/yirmi-dokuzuncu-lema/dorduncu-bab/531
  ­şôÑ https://sorularlarisale.com/risale-i-nur-kulliyati/lemalar/yirmi-dokuzuncu-lema/dorduncu-bab/532
  ­şôÑ https://sorularlarisale.com/risale-i-nur-kulliyati/lemalar/yirmi-dokuzuncu-lema/dorduncu-bab/533
  ­şôÑ https://sorularlarisale.com/risale-i-nur-kulliyati/lemalar/yirmi-dokuzuncu-lema/dorduncu-bab/534
  ­şôÑ https://sorularlarisale.com/risale-i-nur-kulliyati/lemalar/yirmi-dokuzuncu-lema/dorduncu-bab/535
  ­şôÑ https://sorularlarisale.com/risale-i-nur-kulliyati/lemalar/yirmi-dokuzuncu-lema/besinci-bab/536
  ­şôÑ https://sorularlarisale.com/risale-i-nur-kulliyati/lemalar/yirmi-dokuzuncu-lema/besinci-bab/537
  ­şôÑ https://sorularlarisale.com/risale-i-nur-kulliyati/lemalar/yirmi-dokuzuncu-lema/besinci-bab/538
  ­şôÑ https://sorularlarisale.com/risale-i-nur-kulliyati/lemalar/yirmi-dokuzuncu-lema/besinci-bab/539
  ­şôÑ https://sorularlarisale.com/risale-i-nur-kulliyati/lemalar/yirmi-dokuzuncu-lema/besinci-bab/540
  ­şôÑ https://sorularlarisale.com/risale-i-nur-kulliyati/lemalar/yirmi-dokuzuncu-lema/besinci-bab/541
  ­şôÑ https://sorularlarisale.com/risale-i-nur-kulliyati/lemalar/yirmi-dokuzuncu-lema/besinci-bab/542
  ­şôÑ https://sorularlarisale.com/risale-i-nur-kulliyati/lemalar/yirmi-dokuzuncu-lema/besinci-bab/543
  ­şôÑ https://sorularlarisale.com/risale-i-nur-kulliyati/lemalar/yirmi-dokuzuncu-lema/besinci-bab/544
  ­şôÑ https://sorularlarisale.com/risale-i-nur-kulliyati/lemalar/yirmi-dokuzuncu-lema/besinci-bab/545
  ­şôÑ https://sorularlarisale.com/risale-i-nur-kulliyati/lemalar/yirmi-dokuzuncu-lema/altinci-bab/546
  ­şôÑ https://sorularlarisale.com/risale-i-nur-kulliyati/lemalar/yirmi-dokuzuncu-lema/altinci-bab/547
  ­şôÑ https://sorularlarisale.com/risale-i-nur-kulliyati/lemalar/yirmi-dokuzuncu-lema/altinci-bab/548
  ­şôÑ https://sorularlarisale.com/risale-i-nur-kulliyati/lemalar/yirmi-dokuzuncu-lema/altinci-bab/549
  ­şôÑ https://sorularlarisale.com/risale-i-nur-kulliyati/lemalar/yirmi-dokuzuncu-lema/altinci-bab/550
  ­şôÑ https://sorularlarisale.com/risale-i-nur-kulliyati/lemalar/yirmi-dokuzuncu-lema/altinci-bab/551
  ­şôÑ https://sorularlarisale.com/risale-i-nur-kulliyati/lemalar/yirmi-dokuzuncu-lema/altinci-bab/552
  ­şôÑ https://sorularlarisale.com/risale-i-nur-kulliyati/lemalar/yirmi-dokuzuncu-lema/altinci-bab/553
  ­şôÑ https://sorularlarisale.com/risale-i-nur-kulliyati/lemalar/yirmi-dokuzuncu-lema/altinci-bab/554
  ÔÜá´©Å Pagination jump detected (Slug mismatch): yirmi-dokuzuncu-lem
a -> https://sorularlarisale.com/risale-i-nur-kulliyati/lemalar/otuzun
cu-lema/666. Stopping chapter.
  Ô£à Kaydedildi: 029-yirmi-dokuzuncu-lema.md (234138 karakter)
  Ô¼ç´©Å  [30/33] ─░ndiriliyor: Otuzuncu Lem'a...
  ­şôÑ https://sorularlarisale.com/risale-i-nur-kulliyati/lemalar/otuzuncu-lema
  Ô£à Kaydedildi: 030-otuzuncu-lema.md (649 karakter)
  Ô¼ç´©Å  [31/33] ─░ndiriliyor: Otuz Birinci Lem'a...
  ­şôÑ https://sorularlarisale.com/risale-i-nur-kulliyati/lemalar/otuz-birinci-lema
  ­şôÑ https://sorularlarisale.com/risale-i-nur-kulliyati/lemalar/otuz-birinci-lema/639
  Ô£à Kaydedildi: 031-otuz-birinci-lema.md (605 karakter)
  Ô¼ç´©Å  [32/33] ─░ndiriliyor: Otuz ─░kinci Lem'a...
  ­şôÑ https://sorularlarisale.com/risale-i-nur-kulliyati/lemalar/otuz-ikinci-lema
  ­şôÑ https://sorularlarisale.com/risale-i-nur-kulliyati/lemalar/otuz-ikinci-lema/639
  Ô£à Kaydedildi: 032-otuz-ikinci-lema.md (334 karakter)
  Ô¼ç´©Å  [33/33] ─░ndiriliyor: Otuz ├£├ğ├╝nc├╝ Lem'a...
  ­şôÑ https://sorularlarisale.com/risale-i-nur-kulliyati/lemalar/otuz-ucuncu-lema
  ­şôÑ https://sorularlarisale.com/risale-i-nur-kulliyati/lemalar/otuz-ucuncu-lema/639
  Ô£à Kaydedildi: 033-otuz-ucuncu-lema.md (566 karakter)

­şôû Kitap: ┼Şualar
  ­şôÑ https://sorularlarisale.com/risale-i-nur-kulliyati/sualar
  ­şöı Container found for TOC: html not-front not-logged-in no-sidebars page-taxonomy page-taxonomy-term page-taxonomy-term- page-taxonomy-term-2623 i18n-tr
  ­şöù Links found: 15. First 3: [ '─░kinci ┼Şu├ó', '├£├ğ├╝nc├╝ ┼Şu├ó', 'D├Ârd├╝nc├╝ ┼Şu├ó' ]
  ­şôï 15 b├Âl├╝m bulundu
  ÔÅ¡´©Å  Atlan─▒yor (Zaten var): 001-ikinci-sua.md
  ÔÅ¡´©Å  Atlan─▒yor (Zaten var): 002-ucuncu-sua.md
  ÔÅ¡´©Å  Atlan─▒yor (Zaten var): 003-dorduncu-sua.md
  ÔÅ¡´©Å  Atlan─▒yor (Zaten var): 004-altinci-sua.md
  ÔÅ¡´©Å  Atlan─▒yor (Zaten var): 005-yedinci-sua.md
  ÔÅ¡´©Å  Atlan─▒yor (Zaten var): 006-dokuzuncu-sua.md
  ÔÅ¡´©Å  Atlan─▒yor (Zaten var): 007-onuncu-sua.md
  ÔÅ¡´©Å  Atlan─▒yor (Zaten var): 008-on-birinci-sua.md
  ÔÅ¡´©Å  Atlan─▒yor (Zaten var): 009-on-ikinci-sua.md
  ÔÅ¡´©Å  Atlan─▒yor (Zaten var): 010-on-ucuncu-sua.md
  ÔÅ¡´©Å  Atlan─▒yor (Zaten var): 011-on-dorduncu-sua.md
  ÔÅ¡´©Å  Atlan─▒yor (Zaten var): 012-besinci-sua.md
  ÔÅ¡´©Å  Atlan─▒yor (Zaten var): 013-on-besinci-sua.md
  ÔÅ¡´©Å  Atlan─▒yor (Zaten var): 014-birinci-sua.md
  ÔÅ¡´©Å  Atlan─▒yor (Zaten var): 015-sekizinci-sua.md

­şôû Kitap: Barla L├óhikas─▒
  ­şôÑ https://sorularlarisale.com/risale-i-nur-kulliyati/barla-lahikasi
  ­şöı Container found for TOC: html not-front not-logged-in no-sidebars page-taxonomy page-taxonomy-term page-taxonomy-term- page-taxonomy-term-2627 i18n-tr
  ­şöù Links found: 295. First 3: [ 'Takdim ve Mukaddeme', '( 1 )', '( 2 )' ]
  ­şôï 295 b├Âl├╝m bulundu
  ÔÅ¡´©Å  Atlan─▒yor (Zaten var): 001-takdim-ve-mukaddeme.md
  ÔÅ¡´©Å  Atlan─▒yor (Zaten var): 002-1.md
  ÔÅ¡´©Å  Atlan─▒yor (Zaten var): 003-2.md
  ÔÅ¡´©Å  Atlan─▒yor (Zaten var): 004-3.md
  ÔÅ¡´©Å  Atlan─▒yor (Zaten var): 005-4.md
  ÔÅ¡´©Å  Atlan─▒yor (Zaten var): 006-5.md
  ÔÅ¡´©Å  Atlan─▒yor (Zaten var): 007-6.md
  ÔÅ¡´©Å  Atlan─▒yor (Zaten var): 008-7.md
  ÔÅ¡´©Å  Atlan─▒yor (Zaten var): 009-8.md
  ÔÅ¡´©Å  Atlan─▒yor (Zaten var): 010-9.md
  ÔÅ¡´©Å  Atlan─▒yor (Zaten var): 011-10.md
  ÔÅ¡´©Å  Atlan─▒yor (Zaten var): 012-11.md
  ÔÅ¡´©Å  Atlan─▒yor (Zaten var): 013-12.md
  ÔÅ¡´©Å  Atlan─▒yor (Zaten var): 014-13.md
  ÔÅ¡´©Å  Atlan─▒yor (Zaten var): 015-14.md
  ÔÅ¡´©Å  Atlan─▒yor (Zaten var): 016-15.md
  ÔÅ¡´©Å  Atlan─▒yor (Zaten var): 017-16.md
  ÔÅ¡´©Å  Atlan─▒yor (Zaten var): 018-17.md
  ÔÅ¡´©Å  Atlan─▒yor (Zaten var): 019-18.md
  ÔÅ¡´©Å  Atlan─▒yor (Zaten var): 020-19.md
  ÔÅ¡´©Å  Atlan─▒yor (Zaten var): 021-20.md
  ÔÅ¡´©Å  Atlan─▒yor (Zaten var): 022-21.md
  ÔÅ¡´©Å  Atlan─▒yor (Zaten var): 023-22.md
  ÔÅ¡´©Å  Atlan─▒yor (Zaten var): 024-23.md
  ÔÅ¡´©Å  Atlan─▒yor (Zaten var): 025-24.md
  ÔÅ¡´©Å  Atlan─▒yor (Zaten var): 026-25.md
  ÔÅ¡´©Å  Atlan─▒yor (Zaten var): 027-26.md
  ÔÅ¡´©Å  Atlan─▒yor (Zaten var): 028-27.md
  ÔÅ¡´©Å  Atlan─▒yor (Zaten var): 029-28.md
  ÔÅ¡´©Å  Atlan─▒yor (Zaten var): 030-29.md
  ÔÅ¡´©Å  Atlan─▒yor (Zaten var): 031-30.md
  ÔÅ¡´©Å  Atlan─▒yor (Zaten var): 032-31.md
  ÔÅ¡´©Å  Atlan─▒yor (Zaten var): 033-32.md
  ÔÅ¡´©Å  Atlan─▒yor (Zaten var): 034-33.md
  ÔÅ¡´©Å  Atlan─▒yor (Zaten var): 035-34.md
  ÔÅ¡´©Å  Atlan─▒yor (Zaten var): 036-35.md
  ÔÅ¡´©Å  Atlan─▒yor (Zaten var): 037-36.md
  ÔÅ¡´©Å  Atlan─▒yor (Zaten var): 038-37.md
  ÔÅ¡´©Å  Atlan─▒yor (Zaten var): 039-38.md
  ÔÅ¡´©Å  Atlan─▒yor (Zaten var): 040-39.md
  ÔÅ¡´©Å  Atlan─▒yor (Zaten var): 041-40.md
  ÔÅ¡´©Å  Atlan─▒yor (Zaten var): 042-41.md
  ÔÅ¡´©Å  Atlan─▒yor (Zaten var): 043-42.md
  ÔÅ¡´©Å  Atlan─▒yor (Zaten var): 044-43.md
  ÔÅ¡´©Å  Atlan─▒yor (Zaten var): 045-44.md
  ÔÅ¡´©Å  Atlan─▒yor (Zaten var): 046-45.md
  ÔÅ¡´©Å  Atlan─▒yor (Zaten var): 047-46.md
  ÔÅ¡´©Å  Atlan─▒yor (Zaten var): 048-47.md
  ÔÅ¡´©Å  Atlan─▒yor (Zaten var): 049-48.md
  ÔÅ¡´©Å  Atlan─▒yor (Zaten var): 050-49.md
  ÔÅ¡´©Å  Atlan─▒yor (Zaten var): 051-50.md
  ÔÅ¡´©Å  Atlan─▒yor (Zaten var): 052-51.md
  ÔÅ¡´©Å  Atlan─▒yor (Zaten var): 053-52.md
  ÔÅ¡´©Å  Atlan─▒yor (Zaten var): 054-53.md
  ÔÅ¡´©Å  Atlan─▒yor (Zaten var): 055-54.md
  ÔÅ¡´©Å  Atlan─▒yor (Zaten var): 056-55.md
  ÔÅ¡´©Å  Atlan─▒yor (Zaten var): 057-56.md
  ÔÅ¡´©Å  Atlan─▒yor (Zaten var): 058-57.md
  ÔÅ¡´©Å  Atlan─▒yor (Zaten var): 059-58.md
  ÔÅ¡´©Å  Atlan─▒yor (Zaten var): 060-59.md
  ÔÅ¡´©Å  Atlan─▒yor (Zaten var): 061-60.md
  ÔÅ¡´©Å  Atlan─▒yor (Zaten var): 062-61.md
  ÔÅ¡´©Å  Atlan─▒yor (Zaten var): 063-62.md
  ÔÅ¡´©Å  Atlan─▒yor (Zaten var): 064-63.md
  ÔÅ¡´©Å  Atlan─▒yor (Zaten var): 065-64.md
  ÔÅ¡´©Å  Atlan─▒yor (Zaten var): 066-65.md
  ÔÅ¡´©Å  Atlan─▒yor (Zaten var): 067-66.md
  ÔÅ¡´©Å  Atlan─▒yor (Zaten var): 068-67.md
  ÔÅ¡´©Å  Atlan─▒yor (Zaten var): 069-68.md
  ÔÅ¡´©Å  Atlan─▒yor (Zaten var): 070-69.md
  ÔÅ¡´©Å  Atlan─▒yor (Zaten var): 071-70.md
  ÔÅ¡´©Å  Atlan─▒yor (Zaten var): 072-71.md
  ÔÅ¡´©Å  Atlan─▒yor (Zaten var): 073-72.md
  ÔÅ¡´©Å  Atlan─▒yor (Zaten var): 074-73.md
  ÔÅ¡´©Å  Atlan─▒yor (Zaten var): 075-74.md
  ÔÅ¡´©Å  Atlan─▒yor (Zaten var): 076-75.md
  ÔÅ¡´©Å  Atlan─▒yor (Zaten var): 077-76.md
  ÔÅ¡´©Å  Atlan─▒yor (Zaten var): 078-77.md
  ÔÅ¡´©Å  Atlan─▒yor (Zaten var): 079-78.md
  ÔÅ¡´©Å  Atlan─▒yor (Zaten var): 080-79.md
  ÔÅ¡´©Å  Atlan─▒yor (Zaten var): 081-80.md
  ÔÅ¡´©Å  Atlan─▒yor (Zaten var): 082-81.md
  ÔÅ¡´©Å  Atlan─▒yor (Zaten var): 083-82.md
  ÔÅ¡´©Å  Atlan─▒yor (Zaten var): 084-83.md
  ÔÅ¡´©Å  Atlan─▒yor (Zaten var): 085-84.md
  ÔÅ¡´©Å  Atlan─▒yor (Zaten var): 086-85.md
  ÔÅ¡´©Å  Atlan─▒yor (Zaten var): 087-86.md
  ÔÅ¡´©Å  Atlan─▒yor (Zaten var): 088-87.md
  ÔÅ¡´©Å  Atlan─▒yor (Zaten var): 089-88.md
  ÔÅ¡´©Å  Atlan─▒yor (Zaten var): 090-89.md
  ÔÅ¡´©Å  Atlan─▒yor (Zaten var): 091-90.md
  ÔÅ¡´©Å  Atlan─▒yor (Zaten var): 092-91.md
  ÔÅ¡´©Å  Atlan─▒yor (Zaten var): 093-92.md
  ÔÅ¡´©Å  Atlan─▒yor (Zaten var): 094-93.md
  ÔÅ¡´©Å  Atlan─▒yor (Zaten var): 095-94.md
  ÔÅ¡´©Å  Atlan─▒yor (Zaten var): 096-95.md
  ÔÅ¡´©Å  Atlan─▒yor (Zaten var): 097-96.md
  ÔÅ¡´©Å  Atlan─▒yor (Zaten var): 098-97.md
  ÔÅ¡´©Å  Atlan─▒yor (Zaten var): 099-98.md
  ÔÅ¡´©Å  Atlan─▒yor (Zaten var): 100-99.md
  ÔÅ¡´©Å  Atlan─▒yor (Zaten var): 101-100.md
  ÔÅ¡´©Å  Atlan─▒yor (Zaten var): 102-101.md
  ÔÅ¡´©Å  Atlan─▒yor (Zaten var): 103-102.md
  ÔÅ¡´©Å  Atlan─▒yor (Zaten var): 104-103.md
  ÔÅ¡´©Å  Atlan─▒yor (Zaten var): 105-104.md
  ÔÅ¡´©Å  Atlan─▒yor (Zaten var): 106-105.md
  ÔÅ¡´©Å  Atlan─▒yor (Zaten var): 107-106.md
  ÔÅ¡´©Å  Atlan─▒yor (Zaten var): 108-107.md
  ÔÅ¡´©Å  Atlan─▒yor (Zaten var): 109-108.md
  ÔÅ¡´©Å  Atlan─▒yor (Zaten var): 110-109.md
  ÔÅ¡´©Å  Atlan─▒yor (Zaten var): 111-110.md
  ÔÅ¡´©Å  Atlan─▒yor (Zaten var): 112-111.md
  ÔÅ¡´©Å  Atlan─▒yor (Zaten var): 113-112.md
  ÔÅ¡´©Å  Atlan─▒yor (Zaten var): 114-113.md
  ÔÅ¡´©Å  Atlan─▒yor (Zaten var): 115-114.md
  ÔÅ¡´©Å  Atlan─▒yor (Zaten var): 116-115.md
  ÔÅ¡´©Å  Atlan─▒yor (Zaten var): 117-116.md
  ÔÅ¡´©Å  Atlan─▒yor (Zaten var): 118-117.md
  ÔÅ¡´©Å  Atlan─▒yor (Zaten var): 119-118.md
  ÔÅ¡´©Å  Atlan─▒yor (Zaten var): 120-119.md
  ÔÅ¡´©Å  Atlan─▒yor (Zaten var): 121-120.md
  ÔÅ¡´©Å  Atlan─▒yor (Zaten var): 122-121.md
  ÔÅ¡´©Å  Atlan─▒yor (Zaten var): 123-122.md
  ÔÅ¡´©Å  Atlan─▒yor (Zaten var): 124-123.md
  ÔÅ¡´©Å  Atlan─▒yor (Zaten var): 125-124.md
  ÔÅ¡´©Å  Atlan─▒yor (Zaten var): 126-125.md
  ÔÅ¡´©Å  Atlan─▒yor (Zaten var): 127-126.md
  ÔÅ¡´©Å  Atlan─▒yor (Zaten var): 128-127.md
  ÔÅ¡´©Å  Atlan─▒yor (Zaten var): 129-128.md
  ÔÅ¡´©Å  Atlan─▒yor (Zaten var): 130-129.md
  ÔÅ¡´©Å  Atlan─▒yor (Zaten var): 131-130.md
  ÔÅ¡´©Å  Atlan─▒yor (Zaten var): 132-131.md
  ÔÅ¡´©Å  Atlan─▒yor (Zaten var): 133-132.md
  ÔÅ¡´©Å  Atlan─▒yor (Zaten var): 134-133.md
  ÔÅ¡´©Å  Atlan─▒yor (Zaten var): 135-134.md
  ÔÅ¡´©Å  Atlan─▒yor (Zaten var): 136-135.md
  ÔÅ¡´©Å  Atlan─▒yor (Zaten var): 137-136.md
  ÔÅ¡´©Å  Atlan─▒yor (Zaten var): 138-137.md
  ÔÅ¡´©Å  Atlan─▒yor (Zaten var): 139-138.md
  ÔÅ¡´©Å  Atlan─▒yor (Zaten var): 140-139.md
  ÔÅ¡´©Å  Atlan─▒yor (Zaten var): 141-140.md
  ÔÅ¡´©Å  Atlan─▒yor (Zaten var): 142-141.md
  ÔÅ¡´©Å  Atlan─▒yor (Zaten var): 143-142.md
  ÔÅ¡´©Å  Atlan─▒yor (Zaten var): 144-143.md
  ÔÅ¡´©Å  Atlan─▒yor (Zaten var): 145-144.md
  ÔÅ¡´©Å  Atlan─▒yor (Zaten var): 146-145.md
  ÔÅ¡´©Å  Atlan─▒yor (Zaten var): 147-146.md
  ÔÅ¡´©Å  Atlan─▒yor (Zaten var): 148-147.md
  ÔÅ¡´©Å  Atlan─▒yor (Zaten var): 149-148.md
  ÔÅ¡´©Å  Atlan─▒yor (Zaten var): 150-149.md
  ÔÅ¡´©Å  Atlan─▒yor (Zaten var): 151-150.md
  ÔÅ¡´©Å  Atlan─▒yor (Zaten var): 152-151.md
  ÔÅ¡´©Å  Atlan─▒yor (Zaten var): 153-152.md
  ÔÅ¡´©Å  Atlan─▒yor (Zaten var): 154-153.md
  ÔÅ¡´©Å  Atlan─▒yor (Zaten var): 155-154.md
  ÔÅ¡´©Å  Atlan─▒yor (Zaten var): 156-155.md
  ÔÅ¡´©Å  Atlan─▒yor (Zaten var): 157-156.md
  ÔÅ¡´©Å  Atlan─▒yor (Zaten var): 158-157.md
  ÔÅ¡´©Å  Atlan─▒yor (Zaten var): 159-158.md
  ÔÅ¡´©Å  Atlan─▒yor (Zaten var): 160-159.md
  ÔÅ¡´©Å  Atlan─▒yor (Zaten var): 161-160.md
  ÔÅ¡´©Å  Atlan─▒yor (Zaten var): 162-161.md
  ÔÅ¡´©Å  Atlan─▒yor (Zaten var): 163-162.md
  ÔÅ¡´©Å  Atlan─▒yor (Zaten var): 164-163.md
  ÔÅ¡´©Å  Atlan─▒yor (Zaten var): 165-164.md
  ÔÅ¡´©Å  Atlan─▒yor (Zaten var): 166-165.md
  ÔÅ¡´©Å  Atlan─▒yor (Zaten var): 167-166.md
  ÔÅ¡´©Å  Atlan─▒yor (Zaten var): 168-167.md
  ÔÅ¡´©Å  Atlan─▒yor (Zaten var): 169-168.md
  ÔÅ¡´©Å  Atlan─▒yor (Zaten var): 170-169.md
  ÔÅ¡´©Å  Atlan─▒yor (Zaten var): 171-170.md
  ÔÅ¡´©Å  Atlan─▒yor (Zaten var): 172-171.md
  ÔÅ¡´©Å  Atlan─▒yor (Zaten var): 173-172.md
  ÔÅ¡´©Å  Atlan─▒yor (Zaten var): 174-173.md
  ÔÅ¡´©Å  Atlan─▒yor (Zaten var): 175-174.md
  ÔÅ¡´©Å  Atlan─▒yor (Zaten var): 176-175.md
  ÔÅ¡´©Å  Atlan─▒yor (Zaten var): 177-176.md
  ÔÅ¡´©Å  Atlan─▒yor (Zaten var): 178-177.md
  ÔÅ¡´©Å  Atlan─▒yor (Zaten var): 179-178.md
  ÔÅ¡´©Å  Atlan─▒yor (Zaten var): 180-179.md
  ÔÅ¡´©Å  Atlan─▒yor (Zaten var): 181-180.md
  ÔÅ¡´©Å  Atlan─▒yor (Zaten var): 182-181.md
  ÔÅ¡´©Å  Atlan─▒yor (Zaten var): 183-182.md
  ÔÅ¡´©Å  Atlan─▒yor (Zaten var): 184-183.md
  ÔÅ¡´©Å  Atlan─▒yor (Zaten var): 185-184.md
  ÔÅ¡´©Å  Atlan─▒yor (Zaten var): 186-185.md
  ÔÅ¡´©Å  Atlan─▒yor (Zaten var): 187-186.md
  ÔÅ¡´©Å  Atlan─▒yor (Zaten var): 188-187.md
  ÔÅ¡´©Å  Atlan─▒yor (Zaten var): 189-188.md
  ÔÅ¡´©Å  Atlan─▒yor (Zaten var): 190-189.md
  ÔÅ¡´©Å  Atlan─▒yor (Zaten var): 191-190.md
  ÔÅ¡´©Å  Atlan─▒yor (Zaten var): 192-191.md
  ÔÅ¡´©Å  Atlan─▒yor (Zaten var): 193-192.md
  ÔÅ¡´©Å  Atlan─▒yor (Zaten var): 194-193.md
  ÔÅ¡´©Å  Atlan─▒yor (Zaten var): 195-194.md
  ÔÅ¡´©Å  Atlan─▒yor (Zaten var): 196-195.md
  ÔÅ¡´©Å  Atlan─▒yor (Zaten var): 197-196.md
  ÔÅ¡´©Å  Atlan─▒yor (Zaten var): 198-197.md
  ÔÅ¡´©Å  Atlan─▒yor (Zaten var): 199-198.md
  ÔÅ¡´©Å  Atlan─▒yor (Zaten var): 200-199.md

­şôû Kitap: Kastamonu L├óhikas─▒
  ­şôÑ https://sorularlarisale.com/risale-i-nur-kulliyati/kastamonu-lahikasi
  ­şöı Container found for TOC: html not-front not-logged-in no-sidebars page-taxonomy page-taxonomy-term page-taxonomy-term- page-taxonomy-term-2628 i18n-tr
  ­şöù Links found: 171. First 3: [ '( 1 )', '( 2 )', '( 3 )' ]
  ­şôï 171 b├Âl├╝m bulundu
  ÔÅ¡´©Å  Atlan─▒yor (Zaten var): 001-1.md
  ÔÅ¡´©Å  Atlan─▒yor (Zaten var): 002-2.md
  ÔÅ¡´©Å  Atlan─▒yor (Zaten var): 003-3.md
  ÔÅ¡´©Å  Atlan─▒yor (Zaten var): 004-4.md
  ÔÅ¡´©Å  Atlan─▒yor (Zaten var): 005-5.md
  ÔÅ¡´©Å  Atlan─▒yor (Zaten var): 006-6.md
  ÔÅ¡´©Å  Atlan─▒yor (Zaten var): 007-7.md
  ÔÅ¡´©Å  Atlan─▒yor (Zaten var): 008-8.md
  ÔÅ¡´©Å  Atlan─▒yor (Zaten var): 009-9.md
  ÔÅ¡´©Å  Atlan─▒yor (Zaten var): 010-10.md
  ÔÅ¡´©Å  Atlan─▒yor (Zaten var): 011-11.md
  ÔÅ¡´©Å  Atlan─▒yor (Zaten var): 012-12.md
  ÔÅ¡´©Å  Atlan─▒yor (Zaten var): 013-13.md
  ÔÅ¡´©Å  Atlan─▒yor (Zaten var): 014-14.md
  ÔÅ¡´©Å  Atlan─▒yor (Zaten var): 015-15.md
  ÔÅ¡´©Å  Atlan─▒yor (Zaten var): 016-16.md
  ÔÅ¡´©Å  Atlan─▒yor (Zaten var): 017-17.md
  ÔÅ¡´©Å  Atlan─▒yor (Zaten var): 018-18.md
  ÔÅ¡´©Å  Atlan─▒yor (Zaten var): 019-19.md
  ÔÅ¡´©Å  Atlan─▒yor (Zaten var): 020-20.md
  ÔÅ¡´©Å  Atlan─▒yor (Zaten var): 021-21.md
  ÔÅ¡´©Å  Atlan─▒yor (Zaten var): 022-22.md
  ÔÅ¡´©Å  Atlan─▒yor (Zaten var): 023-23.md
  ÔÅ¡´©Å  Atlan─▒yor (Zaten var): 024-24.md
  ÔÅ¡´©Å  Atlan─▒yor (Zaten var): 025-25.md
  ÔÅ¡´©Å  Atlan─▒yor (Zaten var): 026-26.md
  ÔÅ¡´©Å  Atlan─▒yor (Zaten var): 027-27.md
  ÔÅ¡´©Å  Atlan─▒yor (Zaten var): 028-28.md
  ÔÅ¡´©Å  Atlan─▒yor (Zaten var): 029-29.md
  ÔÅ¡´©Å  Atlan─▒yor (Zaten var): 030-30.md
  ÔÅ¡´©Å  Atlan─▒yor (Zaten var): 031-31.md
  ÔÅ¡´©Å  Atlan─▒yor (Zaten var): 032-32.md
  ÔÅ¡´©Å  Atlan─▒yor (Zaten var): 033-33.md
  ÔÅ¡´©Å  Atlan─▒yor (Zaten var): 034-34.md
  ÔÅ¡´©Å  Atlan─▒yor (Zaten var): 035-35.md
  ÔÅ¡´©Å  Atlan─▒yor (Zaten var): 036-36.md
  ÔÅ¡´©Å  Atlan─▒yor (Zaten var): 037-37.md
  ÔÅ¡´©Å  Atlan─▒yor (Zaten var): 038-38.md
  ÔÅ¡´©Å  Atlan─▒yor (Zaten var): 039-39.md
  ÔÅ¡´©Å  Atlan─▒yor (Zaten var): 040-40.md
  ÔÅ¡´©Å  Atlan─▒yor (Zaten var): 041-41.md
  ÔÅ¡´©Å  Atlan─▒yor (Zaten var): 042-42.md
  ÔÅ¡´©Å  Atlan─▒yor (Zaten var): 043-43.md
  ÔÅ¡´©Å  Atlan─▒yor (Zaten var): 044-44.md
  ÔÅ¡´©Å  Atlan─▒yor (Zaten var): 045-45.md
  ÔÅ¡´©Å  Atlan─▒yor (Zaten var): 046-46.md
  ÔÅ¡´©Å  Atlan─▒yor (Zaten var): 047-47.md
  ÔÅ¡´©Å  Atlan─▒yor (Zaten var): 048-48.md
  ÔÅ¡´©Å  Atlan─▒yor (Zaten var): 049-49.md
  ÔÅ¡´©Å  Atlan─▒yor (Zaten var): 050-50.md
  ÔÅ¡´©Å  Atlan─▒yor (Zaten var): 051-51.md
  ÔÅ¡´©Å  Atlan─▒yor (Zaten var): 052-52.md
  ÔÅ¡´©Å  Atlan─▒yor (Zaten var): 053-53.md
  ÔÅ¡´©Å  Atlan─▒yor (Zaten var): 054-54.md
  ÔÅ¡´©Å  Atlan─▒yor (Zaten var): 055-55.md
  ÔÅ¡´©Å  Atlan─▒yor (Zaten var): 056-56.md
  ÔÅ¡´©Å  Atlan─▒yor (Zaten var): 057-57.md
  ÔÅ¡´©Å  Atlan─▒yor (Zaten var): 058-58.md
  ÔÅ¡´©Å  Atlan─▒yor (Zaten var): 059-59.md
  ÔÅ¡´©Å  Atlan─▒yor (Zaten var): 060-60.md
  ÔÅ¡´©Å  Atlan─▒yor (Zaten var): 061-61.md
  ÔÅ¡´©Å  Atlan─▒yor (Zaten var): 062-62.md
  ÔÅ¡´©Å  Atlan─▒yor (Zaten var): 063-63.md
  ÔÅ¡´©Å  Atlan─▒yor (Zaten var): 064-64.md
  ÔÅ¡´©Å  Atlan─▒yor (Zaten var): 065-65.md
  ÔÅ¡´©Å  Atlan─▒yor (Zaten var): 066-66.md
  ÔÅ¡´©Å  Atlan─▒yor (Zaten var): 067-67.md
  ÔÅ¡´©Å  Atlan─▒yor (Zaten var): 068-68.md
  ÔÅ¡´©Å  Atlan─▒yor (Zaten var): 069-69.md
  ÔÅ¡´©Å  Atlan─▒yor (Zaten var): 070-70.md
  ÔÅ¡´©Å  Atlan─▒yor (Zaten var): 071-71.md
  ÔÅ¡´©Å  Atlan─▒yor (Zaten var): 072-72.md
  ÔÅ¡´©Å  Atlan─▒yor (Zaten var): 073-73.md
  ÔÅ¡´©Å  Atlan─▒yor (Zaten var): 074-74.md
  ÔÅ¡´©Å  Atlan─▒yor (Zaten var): 075-75.md
  ÔÅ¡´©Å  Atlan─▒yor (Zaten var): 076-76.md
  ÔÅ¡´©Å  Atlan─▒yor (Zaten var): 077-77.md
  ÔÅ¡´©Å  Atlan─▒yor (Zaten var): 078-78.md
  ÔÅ¡´©Å  Atlan─▒yor (Zaten var): 079-79.md
  ÔÅ¡´©Å  Atlan─▒yor (Zaten var): 080-80.md
  ÔÅ¡´©Å  Atlan─▒yor (Zaten var): 081-81.md
  ÔÅ¡´©Å  Atlan─▒yor (Zaten var): 082-82.md
  ÔÅ¡´©Å  Atlan─▒yor (Zaten var): 083-83.md
  ÔÅ¡´©Å  Atlan─▒yor (Zaten var): 084-84.md
  ÔÅ¡´©Å  Atlan─▒yor (Zaten var): 085-85.md
  ÔÅ¡´©Å  Atlan─▒yor (Zaten var): 086-86.md
  ÔÅ¡´©Å  Atlan─▒yor (Zaten var): 087-87.md
  ÔÅ¡´©Å  Atlan─▒yor (Zaten var): 088-88.md
  ÔÅ¡´©Å  Atlan─▒yor (Zaten var): 089-89.md
  ÔÅ¡´©Å  Atlan─▒yor (Zaten var): 090-90.md
  ÔÅ¡´©Å  Atlan─▒yor (Zaten var): 091-91.md
  ÔÅ¡´©Å  Atlan─▒yor (Zaten var): 092-92.md
  ÔÅ¡´©Å  Atlan─▒yor (Zaten var): 093-93.md
  ÔÅ¡´©Å  Atlan─▒yor (Zaten var): 094-94.md
  ÔÅ¡´©Å  Atlan─▒yor (Zaten var): 095-95.md
  ÔÅ¡´©Å  Atlan─▒yor (Zaten var): 096-96.md
  ÔÅ¡´©Å  Atlan─▒yor (Zaten var): 097-97.md
  ÔÅ¡´©Å  Atlan─▒yor (Zaten var): 098-98.md
  ÔÅ¡´©Å  Atlan─▒yor (Zaten var): 099-99.md
  ÔÅ¡´©Å  Atlan─▒yor (Zaten var): 100-100.md
  ÔÅ¡´©Å  Atlan─▒yor (Zaten var): 101-101.md
  ÔÅ¡´©Å  Atlan─▒yor (Zaten var): 102-102.md
  ÔÅ¡´©Å  Atlan─▒yor (Zaten var): 103-103.md
  ÔÅ¡´©Å  Atlan─▒yor (Zaten var): 104-104.md
  ÔÅ¡´©Å  Atlan─▒yor (Zaten var): 105-105.md
  ÔÅ¡´©Å  Atlan─▒yor (Zaten var): 106-106.md
  ÔÅ¡´©Å  Atlan─▒yor (Zaten var): 107-107.md
  ÔÅ¡´©Å  Atlan─▒yor (Zaten var): 108-108.md
  ÔÅ¡´©Å  Atlan─▒yor (Zaten var): 109-109.md
  ÔÅ¡´©Å  Atlan─▒yor (Zaten var): 110-110.md
  ÔÅ¡´©Å  Atlan─▒yor (Zaten var): 111-111.md
  ÔÅ¡´©Å  Atlan─▒yor (Zaten var): 112-112.md
  ÔÅ¡´©Å  Atlan─▒yor (Zaten var): 113-113.md
  ÔÅ¡´©Å  Atlan─▒yor (Zaten var): 114-114.md
  ÔÅ¡´©Å  Atlan─▒yor (Zaten var): 115-115.md
  ÔÅ¡´©Å  Atlan─▒yor (Zaten var): 116-116.md
  ÔÅ¡´©Å  Atlan─▒yor (Zaten var): 117-117.md
  ÔÅ¡´©Å  Atlan─▒yor (Zaten var): 118-118.md
  ÔÅ¡´©Å  Atlan─▒yor (Zaten var): 119-119.md
  ÔÅ¡´©Å  Atlan─▒yor (Zaten var): 120-120.md
  ÔÅ¡´©Å  Atlan─▒yor (Zaten var): 121-121.md
  ÔÅ¡´©Å  Atlan─▒yor (Zaten var): 122-122.md
  ÔÅ¡´©Å  Atlan─▒yor (Zaten var): 123-123.md
  ÔÅ¡´©Å  Atlan─▒yor (Zaten var): 124-124.md
  ÔÅ¡´©Å  Atlan─▒yor (Zaten var): 125-125.md
  ÔÅ¡´©Å  Atlan─▒yor (Zaten var): 126-126.md
  ÔÅ¡´©Å  Atlan─▒yor (Zaten var): 127-127.md
  ÔÅ¡´©Å  Atlan─▒yor (Zaten var): 128-128.md
  ÔÅ¡´©Å  Atlan─▒yor (Zaten var): 129-129.md
  ÔÅ¡´©Å  Atlan─▒yor (Zaten var): 130-130.md
  ÔÅ¡´©Å  Atlan─▒yor (Zaten var): 131-131.md
  ÔÅ¡´©Å  Atlan─▒yor (Zaten var): 132-132.md
  ÔÅ¡´©Å  Atlan─▒yor (Zaten var): 133-133.md
  ÔÅ¡´©Å  Atlan─▒yor (Zaten var): 134-134.md
  ÔÅ¡´©Å  Atlan─▒yor (Zaten var): 135-135.md
  ÔÅ¡´©Å  Atlan─▒yor (Zaten var): 136-136.md
  ÔÅ¡´©Å  Atlan─▒yor (Zaten var): 137-137.md
  ÔÅ¡´©Å  Atlan─▒yor (Zaten var): 138-138.md
  ÔÅ¡´©Å  Atlan─▒yor (Zaten var): 139-139.md
  ÔÅ¡´©Å  Atlan─▒yor (Zaten var): 140-140.md
  ÔÅ¡´©Å  Atlan─▒yor (Zaten var): 141-141.md
  ÔÅ¡´©Å  Atlan─▒yor (Zaten var): 142-142.md
  ÔÅ¡´©Å  Atlan─▒yor (Zaten var): 143-143.md
  ÔÅ¡´©Å  Atlan─▒yor (Zaten var): 144-144.md
  ÔÅ¡´©Å  Atlan─▒yor (Zaten var): 145-145.md
  ÔÅ¡´©Å  Atlan─▒yor (Zaten var): 146-146.md
  ÔÅ¡´©Å  Atlan─▒yor (Zaten var): 147-147.md
  ÔÅ¡´©Å  Atlan─▒yor (Zaten var): 148-148.md
  ÔÅ¡´©Å  Atlan─▒yor (Zaten var): 149-149.md
  ÔÅ¡´©Å  Atlan─▒yor (Zaten var): 150-150.md
  ÔÅ¡´©Å  Atlan─▒yor (Zaten var): 151-151.md
  ÔÅ¡´©Å  Atlan─▒yor (Zaten var): 152-152.md
  ÔÅ¡´©Å  Atlan─▒yor (Zaten var): 153-153.md
  ÔÅ¡´©Å  Atlan─▒yor (Zaten var): 154-154.md
  ÔÅ¡´©Å  Atlan─▒yor (Zaten var): 155-155.md
  ÔÅ¡´©Å  Atlan─▒yor (Zaten var): 156-156.md
  ÔÅ¡´©Å  Atlan─▒yor (Zaten var): 157-157.md
  ÔÅ¡´©Å  Atlan─▒yor (Zaten var): 158-158.md
  ÔÅ¡´©Å  Atlan─▒yor (Zaten var): 159-159.md
  ÔÅ¡´©Å  Atlan─▒yor (Zaten var): 160-160.md
  ÔÅ¡´©Å  Atlan─▒yor (Zaten var): 161-161.md
  ÔÅ¡´©Å  Atlan─▒yor (Zaten var): 162-162.md
  ÔÅ¡´©Å  Atlan─▒yor (Zaten var): 163-163.md
  ÔÅ¡´©Å  Atlan─▒yor (Zaten var): 164-164.md
  ÔÅ¡´©Å  Atlan─▒yor (Zaten var): 165-165.md
  ÔÅ¡´©Å  Atlan─▒yor (Zaten var): 166-166.md
  ÔÅ¡´©Å  Atlan─▒yor (Zaten var): 167-167.md
  ÔÅ¡´©Å  Atlan─▒yor (Zaten var): 168-168.md
  ÔÅ¡´©Å  Atlan─▒yor (Zaten var): 169-169.md
  ÔÅ¡´©Å  Atlan─▒yor (Zaten var): 170-170.md
  ÔÅ¡´©Å  Atlan─▒yor (Zaten var): 171-171.md

­şôû Kitap: Emirda─ş L├óhikas─▒ I
  ­şôÑ https://sorularlarisale.com/risale-i-nur-kulliyati/emirdag-lahikasi-i
  ­şöı Container found for TOC: html not-front not-logged-in no-sidebars page-taxonomy page-taxonomy-term page-taxonomy-term- page-taxonomy-term-3528 i18n-tr
  ­şöù Links found: 220. First 3: [ '( 1 )', '( 2 )', '( 3 )' ]
  ­şôï 220 b├Âl├╝m bulundu
  ÔÅ¡´©Å  Atlan─▒yor (Zaten var): 001-1.md
  ÔÅ¡´©Å  Atlan─▒yor (Zaten var): 002-2.md
  ÔÅ¡´©Å  Atlan─▒yor (Zaten var): 003-3.md
  ÔÅ¡´©Å  Atlan─▒yor (Zaten var): 004-4.md
  ÔÅ¡´©Å  Atlan─▒yor (Zaten var): 005-5.md
  ÔÅ¡´©Å  Atlan─▒yor (Zaten var): 006-6.md
  ÔÅ¡´©Å  Atlan─▒yor (Zaten var): 007-7.md
  ÔÅ¡´©Å  Atlan─▒yor (Zaten var): 008-8.md
  ÔÅ¡´©Å  Atlan─▒yor (Zaten var): 009-9.md
  ÔÅ¡´©Å  Atlan─▒yor (Zaten var): 010-10.md
  ÔÅ¡´©Å  Atlan─▒yor (Zaten var): 011-11.md
  ÔÅ¡´©Å  Atlan─▒yor (Zaten var): 012-12.md
  ÔÅ¡´©Å  Atlan─▒yor (Zaten var): 013-13.md
  ÔÅ¡´©Å  Atlan─▒yor (Zaten var): 014-14.md
  ÔÅ¡´©Å  Atlan─▒yor (Zaten var): 015-15.md
  ÔÅ¡´©Å  Atlan─▒yor (Zaten var): 016-16.md
  ÔÅ¡´©Å  Atlan─▒yor (Zaten var): 017-17.md
  ÔÅ¡´©Å  Atlan─▒yor (Zaten var): 018-18.md
  ÔÅ¡´©Å  Atlan─▒yor (Zaten var): 019-19.md
  ÔÅ¡´©Å  Atlan─▒yor (Zaten var): 020-20.md
  ÔÅ¡´©Å  Atlan─▒yor (Zaten var): 021-21.md
  ÔÅ¡´©Å  Atlan─▒yor (Zaten var): 022-22.md
  ÔÅ¡´©Å  Atlan─▒yor (Zaten var): 023-23.md
  ÔÅ¡´©Å  Atlan─▒yor (Zaten var): 024-24.md
  ÔÅ¡´©Å  Atlan─▒yor (Zaten var): 025-25.md
  ÔÅ¡´©Å  Atlan─▒yor (Zaten var): 026-26.md
  ÔÅ¡´©Å  Atlan─▒yor (Zaten var): 027-27.md
  ÔÅ¡´©Å  Atlan─▒yor (Zaten var): 028-28.md
  ÔÅ¡´©Å  Atlan─▒yor (Zaten var): 029-29.md
  ÔÅ¡´©Å  Atlan─▒yor (Zaten var): 030-30.md
  ÔÅ¡´©Å  Atlan─▒yor (Zaten var): 031-31.md
  ÔÅ¡´©Å  Atlan─▒yor (Zaten var): 032-32.md
  ÔÅ¡´©Å  Atlan─▒yor (Zaten var): 033-33.md
  ÔÅ¡´©Å  Atlan─▒yor (Zaten var): 034-34.md
  ÔÅ¡´©Å  Atlan─▒yor (Zaten var): 035-35.md
  ÔÅ¡´©Å  Atlan─▒yor (Zaten var): 036-36.md
  ÔÅ¡´©Å  Atlan─▒yor (Zaten var): 037-37.md
  ÔÅ¡´©Å  Atlan─▒yor (Zaten var): 038-38.md
  ÔÅ¡´©Å  Atlan─▒yor (Zaten var): 039-39.md
  ÔÅ¡´©Å  Atlan─▒yor (Zaten var): 040-40.md
  ÔÅ¡´©Å  Atlan─▒yor (Zaten var): 041-41.md
  ÔÅ¡´©Å  Atlan─▒yor (Zaten var): 042-42.md
  ÔÅ¡´©Å  Atlan─▒yor (Zaten var): 043-43.md
  ÔÅ¡´©Å  Atlan─▒yor (Zaten var): 044-44.md
  ÔÅ¡´©Å  Atlan─▒yor (Zaten var): 045-45.md
  ÔÅ¡´©Å  Atlan─▒yor (Zaten var): 046-46.md
  ÔÅ¡´©Å  Atlan─▒yor (Zaten var): 047-47.md
  ÔÅ¡´©Å  Atlan─▒yor (Zaten var): 048-48.md
  ÔÅ¡´©Å  Atlan─▒yor (Zaten var): 049-49.md
  ÔÅ¡´©Å  Atlan─▒yor (Zaten var): 050-50.md
  ÔÅ¡´©Å  Atlan─▒yor (Zaten var): 051-51.md
  ÔÅ¡´©Å  Atlan─▒yor (Zaten var): 052-52.md
  ÔÅ¡´©Å  Atlan─▒yor (Zaten var): 053-53.md
  ÔÅ¡´©Å  Atlan─▒yor (Zaten var): 054-54.md
  ÔÅ¡´©Å  Atlan─▒yor (Zaten var): 055-55.md
  ÔÅ¡´©Å  Atlan─▒yor (Zaten var): 056-56.md
  ÔÅ¡´©Å  Atlan─▒yor (Zaten var): 057-57.md
  ÔÅ¡´©Å  Atlan─▒yor (Zaten var): 058-58.md
  ÔÅ¡´©Å  Atlan─▒yor (Zaten var): 059-59.md
  ÔÅ¡´©Å  Atlan─▒yor (Zaten var): 060-60.md
  ÔÅ¡´©Å  Atlan─▒yor (Zaten var): 061-61.md
  ÔÅ¡´©Å  Atlan─▒yor (Zaten var): 062-62.md
  ÔÅ¡´©Å  Atlan─▒yor (Zaten var): 063-63.md
  ÔÅ¡´©Å  Atlan─▒yor (Zaten var): 064-64.md
  ÔÅ¡´©Å  Atlan─▒yor (Zaten var): 065-65.md
  ÔÅ¡´©Å  Atlan─▒yor (Zaten var): 066-66.md
  ÔÅ¡´©Å  Atlan─▒yor (Zaten var): 067-67.md
  ÔÅ¡´©Å  Atlan─▒yor (Zaten var): 068-68.md
  ÔÅ¡´©Å  Atlan─▒yor (Zaten var): 069-69.md
  ÔÅ¡´©Å  Atlan─▒yor (Zaten var): 070-70.md
  ÔÅ¡´©Å  Atlan─▒yor (Zaten var): 071-71.md
  ÔÅ¡´©Å  Atlan─▒yor (Zaten var): 072-72.md
  ÔÅ¡´©Å  Atlan─▒yor (Zaten var): 073-73.md
  ÔÅ¡´©Å  Atlan─▒yor (Zaten var): 074-74.md
  ÔÅ¡´©Å  Atlan─▒yor (Zaten var): 075-75.md
  ÔÅ¡´©Å  Atlan─▒yor (Zaten var): 076-76.md
  ÔÅ¡´©Å  Atlan─▒yor (Zaten var): 077-77.md
  ÔÅ¡´©Å  Atlan─▒yor (Zaten var): 078-78.md
  ÔÅ¡´©Å  Atlan─▒yor (Zaten var): 079-79.md
  ÔÅ¡´©Å  Atlan─▒yor (Zaten var): 080-80.md
  ÔÅ¡´©Å  Atlan─▒yor (Zaten var): 081-81.md
  ÔÅ¡´©Å  Atlan─▒yor (Zaten var): 082-82.md
  ÔÅ¡´©Å  Atlan─▒yor (Zaten var): 083-83.md
  ÔÅ¡´©Å  Atlan─▒yor (Zaten var): 084-84.md
  ÔÅ¡´©Å  Atlan─▒yor (Zaten var): 085-85.md
  ÔÅ¡´©Å  Atlan─▒yor (Zaten var): 086-86.md
  ÔÅ¡´©Å  Atlan─▒yor (Zaten var): 087-87.md
  ÔÅ¡´©Å  Atlan─▒yor (Zaten var): 088-88.md
  ÔÅ¡´©Å  Atlan─▒yor (Zaten var): 089-89.md
  ÔÅ¡´©Å  Atlan─▒yor (Zaten var): 090-90.md
  ÔÅ¡´©Å  Atlan─▒yor (Zaten var): 091-91.md
  ÔÅ¡´©Å  Atlan─▒yor (Zaten var): 092-92.md
  ÔÅ¡´©Å  Atlan─▒yor (Zaten var): 093-93.md
  ÔÅ¡´©Å  Atlan─▒yor (Zaten var): 094-94.md
  ÔÅ¡´©Å  Atlan─▒yor (Zaten var): 095-95.md
  ÔÅ¡´©Å  Atlan─▒yor (Zaten var): 096-96.md
  ÔÅ¡´©Å  Atlan─▒yor (Zaten var): 097-97.md
  ÔÅ¡´©Å  Atlan─▒yor (Zaten var): 098-98.md
  ÔÅ¡´©Å  Atlan─▒yor (Zaten var): 099-99.md
  ÔÅ¡´©Å  Atlan─▒yor (Zaten var): 100-100.md
  ÔÅ¡´©Å  Atlan─▒yor (Zaten var): 101-101.md
  ÔÅ¡´©Å  Atlan─▒yor (Zaten var): 102-102.md
  ÔÅ¡´©Å  Atlan─▒yor (Zaten var): 103-103.md
  ÔÅ¡´©Å  Atlan─▒yor (Zaten var): 104-104.md
  ÔÅ¡´©Å  Atlan─▒yor (Zaten var): 105-105.md
  ÔÅ¡´©Å  Atlan─▒yor (Zaten var): 106-106.md
  ÔÅ¡´©Å  Atlan─▒yor (Zaten var): 107-107.md
  ÔÅ¡´©Å  Atlan─▒yor (Zaten var): 108-108.md
  ÔÅ¡´©Å  Atlan─▒yor (Zaten var): 109-109.md
  ÔÅ¡´©Å  Atlan─▒yor (Zaten var): 110-110.md
  ÔÅ¡´©Å  Atlan─▒yor (Zaten var): 111-111.md
  ÔÅ¡´©Å  Atlan─▒yor (Zaten var): 112-112.md
  ÔÅ¡´©Å  Atlan─▒yor (Zaten var): 113-113.md
  ÔÅ¡´©Å  Atlan─▒yor (Zaten var): 114-114.md
  ÔÅ¡´©Å  Atlan─▒yor (Zaten var): 115-115.md
  ÔÅ¡´©Å  Atlan─▒yor (Zaten var): 116-116.md
  ÔÅ¡´©Å  Atlan─▒yor (Zaten var): 117-117.md
  ÔÅ¡´©Å  Atlan─▒yor (Zaten var): 118-118.md
  ÔÅ¡´©Å  Atlan─▒yor (Zaten var): 119-119.md
  ÔÅ¡´©Å  Atlan─▒yor (Zaten var): 120-120.md
  ÔÅ¡´©Å  Atlan─▒yor (Zaten var): 121-121.md
  ÔÅ¡´©Å  Atlan─▒yor (Zaten var): 122-122.md
  ÔÅ¡´©Å  Atlan─▒yor (Zaten var): 123-123.md
  ÔÅ¡´©Å  Atlan─▒yor (Zaten var): 124-124.md
  ÔÅ¡´©Å  Atlan─▒yor (Zaten var): 125-125.md
  ÔÅ¡´©Å  Atlan─▒yor (Zaten var): 126-126.md
  ÔÅ¡´©Å  Atlan─▒yor (Zaten var): 127-127.md
  ÔÅ¡´©Å  Atlan─▒yor (Zaten var): 128-128.md
  ÔÅ¡´©Å  Atlan─▒yor (Zaten var): 129-129.md
  ÔÅ¡´©Å  Atlan─▒yor (Zaten var): 130-130.md
  ÔÅ¡´©Å  Atlan─▒yor (Zaten var): 131-131.md
  ÔÅ¡´©Å  Atlan─▒yor (Zaten var): 132-132.md
  ÔÅ¡´©Å  Atlan─▒yor (Zaten var): 133-133.md
  ÔÅ¡´©Å  Atlan─▒yor (Zaten var): 134-134.md
  ÔÅ¡´©Å  Atlan─▒yor (Zaten var): 135-135.md
  ÔÅ¡´©Å  Atlan─▒yor (Zaten var): 136-136.md
  ÔÅ¡´©Å  Atlan─▒yor (Zaten var): 137-137.md
  ÔÅ¡´©Å  Atlan─▒yor (Zaten var): 138-138.md
  ÔÅ¡´©Å  Atlan─▒yor (Zaten var): 139-139.md
  ÔÅ¡´©Å  Atlan─▒yor (Zaten var): 140-140.md
  ÔÅ¡´©Å  Atlan─▒yor (Zaten var): 141-141.md
  ÔÅ¡´©Å  Atlan─▒yor (Zaten var): 142-142.md
  ÔÅ¡´©Å  Atlan─▒yor (Zaten var): 143-143.md
  ÔÅ¡´©Å  Atlan─▒yor (Zaten var): 144-144.md
  ÔÅ¡´©Å  Atlan─▒yor (Zaten var): 145-145.md
  ÔÅ¡´©Å  Atlan─▒yor (Zaten var): 146-146.md
  ÔÅ¡´©Å  Atlan─▒yor (Zaten var): 147-147.md
  ÔÅ¡´©Å  Atlan─▒yor (Zaten var): 148-148.md
  ÔÅ¡´©Å  Atlan─▒yor (Zaten var): 149-149.md
  ÔÅ¡´©Å  Atlan─▒yor (Zaten var): 150-150.md
  ÔÅ¡´©Å  Atlan─▒yor (Zaten var): 151-151.md
  ÔÅ¡´©Å  Atlan─▒yor (Zaten var): 152-152.md
  ÔÅ¡´©Å  Atlan─▒yor (Zaten var): 153-153.md
  ÔÅ¡´©Å  Atlan─▒yor (Zaten var): 154-154.md
  ÔÅ¡´©Å  Atlan─▒yor (Zaten var): 155-155.md
  ÔÅ¡´©Å  Atlan─▒yor (Zaten var): 156-156.md
  ÔÅ¡´©Å  Atlan─▒yor (Zaten var): 157-157.md
  ÔÅ¡´©Å  Atlan─▒yor (Zaten var): 158-158.md
  ÔÅ¡´©Å  Atlan─▒yor (Zaten var): 159-159.md
  ÔÅ¡´©Å  Atlan─▒yor (Zaten var): 160-160.md
  ÔÅ¡´©Å  Atlan─▒yor (Zaten var): 161-161.md
  ÔÅ¡´©Å  Atlan─▒yor (Zaten var): 162-162.md
  ÔÅ¡´©Å  Atlan─▒yor (Zaten var): 163-163.md
  ÔÅ¡´©Å  Atlan─▒yor (Zaten var): 164-164.md
  ÔÅ¡´©Å  Atlan─▒yor (Zaten var): 165-165.md
  ÔÅ¡´©Å  Atlan─▒yor (Zaten var): 166-166.md
  ÔÅ¡´©Å  Atlan─▒yor (Zaten var): 167-167.md
  ÔÅ¡´©Å  Atlan─▒yor (Zaten var): 168-168.md
  ÔÅ¡´©Å  Atlan─▒yor (Zaten var): 169-169.md
  ÔÅ¡´©Å  Atlan─▒yor (Zaten var): 170-170.md
  ÔÅ¡´©Å  Atlan─▒yor (Zaten var): 171-171.md
  ÔÅ¡´©Å  Atlan─▒yor (Zaten var): 172-172.md
  ÔÅ¡´©Å  Atlan─▒yor (Zaten var): 173-173.md
  ÔÅ¡´©Å  Atlan─▒yor (Zaten var): 174-174.md
  ÔÅ¡´©Å  Atlan─▒yor (Zaten var): 175-175.md
  ÔÅ¡´©Å  Atlan─▒yor (Zaten var): 176-176.md
  ÔÅ¡´©Å  Atlan─▒yor (Zaten var): 177-177.md
  ÔÅ¡´©Å  Atlan─▒yor (Zaten var): 178-178.md
  ÔÅ¡´©Å  Atlan─▒yor (Zaten var): 179-179.md
  ÔÅ¡´©Å  Atlan─▒yor (Zaten var): 180-180.md
  ÔÅ¡´©Å  Atlan─▒yor (Zaten var): 181-181.md
  ÔÅ¡´©Å  Atlan─▒yor (Zaten var): 182-182.md
  ÔÅ¡´©Å  Atlan─▒yor (Zaten var): 183-183.md
  ÔÅ¡´©Å  Atlan─▒yor (Zaten var): 184-184.md
  ÔÅ¡´©Å  Atlan─▒yor (Zaten var): 185-185.md
  ÔÅ¡´©Å  Atlan─▒yor (Zaten var): 186-186.md
  ÔÅ¡´©Å  Atlan─▒yor (Zaten var): 187-187.md
  ÔÅ¡´©Å  Atlan─▒yor (Zaten var): 188-188.md
  ÔÅ¡´©Å  Atlan─▒yor (Zaten var): 189-189.md
  ÔÅ¡´©Å  Atlan─▒yor (Zaten var): 190-190.md
  ÔÅ¡´©Å  Atlan─▒yor (Zaten var): 191-191.md
  ÔÅ¡´©Å  Atlan─▒yor (Zaten var): 192-192.md
  ÔÅ¡´©Å  Atlan─▒yor (Zaten var): 193-193.md
  ÔÅ¡´©Å  Atlan─▒yor (Zaten var): 194-194.md
  ÔÅ¡´©Å  Atlan─▒yor (Zaten var): 195-195.md
  ÔÅ¡´©Å  Atlan─▒yor (Zaten var): 196-196.md
  ÔÅ¡´©Å  Atlan─▒yor (Zaten var): 197-197.md
  ÔÅ¡´©Å  Atlan─▒yor (Zaten var): 198-198.md
  ÔÅ¡´©Å  Atlan─▒yor (Zaten var): 199-199.md
  ÔÅ¡´©Å  Atlan─▒yor (Zaten var): 200-200.md

­şôû Kitap: Emirda─ş L├óhikas─▒ II
  ­şôÑ https://sorularlarisale.com/risale-i-nur-kulliyati/emirdag-lahikasi-ii
  ­şöı Container found for TOC: html not-front not-logged-in no-sidebars page-taxonomy page-taxonomy-term page-taxonomy-term- page-taxonomy-term-3529 i18n-tr
  ­şöù Links found: 151. First 3: [ '( 1 )', '( 2 )', '( 3 )' ]
  ­şôï 151 b├Âl├╝m bulundu
  ÔÅ¡´©Å  Atlan─▒yor (Zaten var): 001-1.md
  ÔÅ¡´©Å  Atlan─▒yor (Zaten var): 002-2.md
  ÔÅ¡´©Å  Atlan─▒yor (Zaten var): 003-3.md
  ÔÅ¡´©Å  Atlan─▒yor (Zaten var): 004-4.md
  ÔÅ¡´©Å  Atlan─▒yor (Zaten var): 005-5.md
  ÔÅ¡´©Å  Atlan─▒yor (Zaten var): 006-6.md
  ÔÅ¡´©Å  Atlan─▒yor (Zaten var): 007-7.md
  ÔÅ¡´©Å  Atlan─▒yor (Zaten var): 008-8.md
  ÔÅ¡´©Å  Atlan─▒yor (Zaten var): 009-9.md
  ÔÅ¡´©Å  Atlan─▒yor (Zaten var): 010-10.md
  ÔÅ¡´©Å  Atlan─▒yor (Zaten var): 011-11.md
  ÔÅ¡´©Å  Atlan─▒yor (Zaten var): 012-12.md
  ÔÅ¡´©Å  Atlan─▒yor (Zaten var): 013-13.md
  ÔÅ¡´©Å  Atlan─▒yor (Zaten var): 014-14.md
  ÔÅ¡´©Å  Atlan─▒yor (Zaten var): 015-15.md
  ÔÅ¡´©Å  Atlan─▒yor (Zaten var): 016-16.md
  ÔÅ¡´©Å  Atlan─▒yor (Zaten var): 017-17.md
  ÔÅ¡´©Å  Atlan─▒yor (Zaten var): 018-18.md
  ÔÅ¡´©Å  Atlan─▒yor (Zaten var): 019-19.md
  ÔÅ¡´©Å  Atlan─▒yor (Zaten var): 020-20.md
  ÔÅ¡´©Å  Atlan─▒yor (Zaten var): 021-21.md
  ÔÅ¡´©Å  Atlan─▒yor (Zaten var): 022-22.md
  ÔÅ¡´©Å  Atlan─▒yor (Zaten var): 023-23.md
  ÔÅ¡´©Å  Atlan─▒yor (Zaten var): 024-24.md
  ÔÅ¡´©Å  Atlan─▒yor (Zaten var): 025-25.md
  ÔÅ¡´©Å  Atlan─▒yor (Zaten var): 026-26.md
  ÔÅ¡´©Å  Atlan─▒yor (Zaten var): 027-27.md
  ÔÅ¡´©Å  Atlan─▒yor (Zaten var): 028-28.md
  ÔÅ¡´©Å  Atlan─▒yor (Zaten var): 029-29.md
  ÔÅ¡´©Å  Atlan─▒yor (Zaten var): 030-30.md
  ÔÅ¡´©Å  Atlan─▒yor (Zaten var): 031-31.md
  ÔÅ¡´©Å  Atlan─▒yor (Zaten var): 032-32.md
  ÔÅ¡´©Å  Atlan─▒yor (Zaten var): 033-33.md
  ÔÅ¡´©Å  Atlan─▒yor (Zaten var): 034-34.md
  ÔÅ¡´©Å  Atlan─▒yor (Zaten var): 035-35.md
  ÔÅ¡´©Å  Atlan─▒yor (Zaten var): 036-36.md
  ÔÅ¡´©Å  Atlan─▒yor (Zaten var): 037-37.md
  ÔÅ¡´©Å  Atlan─▒yor (Zaten var): 038-38.md
  ÔÅ¡´©Å  Atlan─▒yor (Zaten var): 039-39.md
  ÔÅ¡´©Å  Atlan─▒yor (Zaten var): 040-40.md
  ÔÅ¡´©Å  Atlan─▒yor (Zaten var): 041-41.md
  ÔÅ¡´©Å  Atlan─▒yor (Zaten var): 042-42.md
  ÔÅ¡´©Å  Atlan─▒yor (Zaten var): 043-43.md
  ÔÅ¡´©Å  Atlan─▒yor (Zaten var): 044-44.md
  ÔÅ¡´©Å  Atlan─▒yor (Zaten var): 045-45.md
  ÔÅ¡´©Å  Atlan─▒yor (Zaten var): 046-46.md
  ÔÅ¡´©Å  Atlan─▒yor (Zaten var): 047-47.md
  ÔÅ¡´©Å  Atlan─▒yor (Zaten var): 048-48.md
  ÔÅ¡´©Å  Atlan─▒yor (Zaten var): 049-49.md
  ÔÅ¡´©Å  Atlan─▒yor (Zaten var): 050-50.md
  ÔÅ¡´©Å  Atlan─▒yor (Zaten var): 051-51.md
  ÔÅ¡´©Å  Atlan─▒yor (Zaten var): 052-52.md
  ÔÅ¡´©Å  Atlan─▒yor (Zaten var): 053-53.md
  ÔÅ¡´©Å  Atlan─▒yor (Zaten var): 054-54.md
  ÔÅ¡´©Å  Atlan─▒yor (Zaten var): 055-55.md
  ÔÅ¡´©Å  Atlan─▒yor (Zaten var): 056-56.md
  ÔÅ¡´©Å  Atlan─▒yor (Zaten var): 057-57.md
  ÔÅ¡´©Å  Atlan─▒yor (Zaten var): 058-58.md
  ÔÅ¡´©Å  Atlan─▒yor (Zaten var): 059-59.md
  ÔÅ¡´©Å  Atlan─▒yor (Zaten var): 060-60.md
  ÔÅ¡´©Å  Atlan─▒yor (Zaten var): 061-61.md
  ÔÅ¡´©Å  Atlan─▒yor (Zaten var): 062-62.md
  ÔÅ¡´©Å  Atlan─▒yor (Zaten var): 063-63.md
  ÔÅ¡´©Å  Atlan─▒yor (Zaten var): 064-64.md
  ÔÅ¡´©Å  Atlan─▒yor (Zaten var): 065-65.md
  ÔÅ¡´©Å  Atlan─▒yor (Zaten var): 066-66.md
  ÔÅ¡´©Å  Atlan─▒yor (Zaten var): 067-67.md
  ÔÅ¡´©Å  Atlan─▒yor (Zaten var): 068-68.md
  ÔÅ¡´©Å  Atlan─▒yor (Zaten var): 069-69.md
  ÔÅ¡´©Å  Atlan─▒yor (Zaten var): 070-70.md
  ÔÅ¡´©Å  Atlan─▒yor (Zaten var): 071-71.md
  ÔÅ¡´©Å  Atlan─▒yor (Zaten var): 072-72.md
  ÔÅ¡´©Å  Atlan─▒yor (Zaten var): 073-73.md
  ÔÅ¡´©Å  Atlan─▒yor (Zaten var): 074-74.md
  ÔÅ¡´©Å  Atlan─▒yor (Zaten var): 075-75.md
  ÔÅ¡´©Å  Atlan─▒yor (Zaten var): 076-76.md
  ÔÅ¡´©Å  Atlan─▒yor (Zaten var): 077-77.md
  ÔÅ¡´©Å  Atlan─▒yor (Zaten var): 078-78.md
  ÔÅ¡´©Å  Atlan─▒yor (Zaten var): 079-79.md
  ÔÅ¡´©Å  Atlan─▒yor (Zaten var): 080-80.md
  ÔÅ¡´©Å  Atlan─▒yor (Zaten var): 081-81.md
  ÔÅ¡´©Å  Atlan─▒yor (Zaten var): 082-82.md
  ÔÅ¡´©Å  Atlan─▒yor (Zaten var): 083-83.md
  ÔÅ¡´©Å  Atlan─▒yor (Zaten var): 084-84.md
  ÔÅ¡´©Å  Atlan─▒yor (Zaten var): 085-85.md
  ÔÅ¡´©Å  Atlan─▒yor (Zaten var): 086-86.md
  ÔÅ¡´©Å  Atlan─▒yor (Zaten var): 087-87.md
  ÔÅ¡´©Å  Atlan─▒yor (Zaten var): 088-88.md
  ÔÅ¡´©Å  Atlan─▒yor (Zaten var): 089-89.md
  ÔÅ¡´©Å  Atlan─▒yor (Zaten var): 090-90.md
  ÔÅ¡´©Å  Atlan─▒yor (Zaten var): 091-91.md
  ÔÅ¡´©Å  Atlan─▒yor (Zaten var): 092-92.md
  ÔÅ¡´©Å  Atlan─▒yor (Zaten var): 093-93.md
  ÔÅ¡´©Å  Atlan─▒yor (Zaten var): 094-94.md
  ÔÅ¡´©Å  Atlan─▒yor (Zaten var): 095-95.md
  ÔÅ¡´©Å  Atlan─▒yor (Zaten var): 096-96.md
  ÔÅ¡´©Å  Atlan─▒yor (Zaten var): 097-97.md
  ÔÅ¡´©Å  Atlan─▒yor (Zaten var): 098-98.md
  ÔÅ¡´©Å  Atlan─▒yor (Zaten var): 099-99.md
  ÔÅ¡´©Å  Atlan─▒yor (Zaten var): 100-100.md
  ÔÅ¡´©Å  Atlan─▒yor (Zaten var): 101-101.md
  ÔÅ¡´©Å  Atlan─▒yor (Zaten var): 102-102.md
  ÔÅ¡´©Å  Atlan─▒yor (Zaten var): 103-103.md
  ÔÅ¡´©Å  Atlan─▒yor (Zaten var): 104-104.md
  ÔÅ¡´©Å  Atlan─▒yor (Zaten var): 105-105.md
  ÔÅ¡´©Å  Atlan─▒yor (Zaten var): 106-106.md
  ÔÅ¡´©Å  Atlan─▒yor (Zaten var): 107-107.md
  ÔÅ¡´©Å  Atlan─▒yor (Zaten var): 108-108.md
  ÔÅ¡´©Å  Atlan─▒yor (Zaten var): 109-109.md
  ÔÅ¡´©Å  Atlan─▒yor (Zaten var): 110-110.md
  ÔÅ¡´©Å  Atlan─▒yor (Zaten var): 111-111.md
  ÔÅ¡´©Å  Atlan─▒yor (Zaten var): 112-112.md
  ÔÅ¡´©Å  Atlan─▒yor (Zaten var): 113-113.md
  ÔÅ¡´©Å  Atlan─▒yor (Zaten var): 114-114.md
  ÔÅ¡´©Å  Atlan─▒yor (Zaten var): 115-115.md
  ÔÅ¡´©Å  Atlan─▒yor (Zaten var): 116-116.md
  ÔÅ¡´©Å  Atlan─▒yor (Zaten var): 117-117.md
  ÔÅ¡´©Å  Atlan─▒yor (Zaten var): 118-118.md
  ÔÅ¡´©Å  Atlan─▒yor (Zaten var): 119-119.md
  ÔÅ¡´©Å  Atlan─▒yor (Zaten var): 120-120.md
  ÔÅ¡´©Å  Atlan─▒yor (Zaten var): 121-121.md
  ÔÅ¡´©Å  Atlan─▒yor (Zaten var): 122-122.md
  ÔÅ¡´©Å  Atlan─▒yor (Zaten var): 123-123.md
  ÔÅ¡´©Å  Atlan─▒yor (Zaten var): 124-124.md
  ÔÅ¡´©Å  Atlan─▒yor (Zaten var): 125-125.md
  ÔÅ¡´©Å  Atlan─▒yor (Zaten var): 126-126.md
  ÔÅ¡´©Å  Atlan─▒yor (Zaten var): 127-127.md
  ÔÅ¡´©Å  Atlan─▒yor (Zaten var): 128-128.md
  ÔÅ¡´©Å  Atlan─▒yor (Zaten var): 129-129.md
  ÔÅ¡´©Å  Atlan─▒yor (Zaten var): 130-130.md
  ÔÅ¡´©Å  Atlan─▒yor (Zaten var): 131-131.md
  ÔÅ¡´©Å  Atlan─▒yor (Zaten var): 132-132.md
  ÔÅ¡´©Å  Atlan─▒yor (Zaten var): 133-133.md
  ÔÅ¡´©Å  Atlan─▒yor (Zaten var): 134-134.md
  ÔÅ¡´©Å  Atlan─▒yor (Zaten var): 135-135.md
  ÔÅ¡´©Å  Atlan─▒yor (Zaten var): 136-136.md
  ÔÅ¡´©Å  Atlan─▒yor (Zaten var): 137-137.md
  ÔÅ¡´©Å  Atlan─▒yor (Zaten var): 138-138.md
  ÔÅ¡´©Å  Atlan─▒yor (Zaten var): 139-139.md
  ÔÅ¡´©Å  Atlan─▒yor (Zaten var): 140-140.md
  ÔÅ¡´©Å  Atlan─▒yor (Zaten var): 141-141.md
  ÔÅ¡´©Å  Atlan─▒yor (Zaten var): 142-142.md
  ÔÅ¡´©Å  Atlan─▒yor (Zaten var): 143-143.md
  ÔÅ¡´©Å  Atlan─▒yor (Zaten var): 144-144.md
  ÔÅ¡´©Å  Atlan─▒yor (Zaten var): 145-145.md
  ÔÅ¡´©Å  Atlan─▒yor (Zaten var): 146-146.md
  ÔÅ¡´©Å  Atlan─▒yor (Zaten var): 147-147.md
  ÔÅ¡´©Å  Atlan─▒yor (Zaten var): 148-148.md
  ÔÅ¡´©Å  Atlan─▒yor (Zaten var): 149-149.md
  ÔÅ¡´©Å  Atlan─▒yor (Zaten var): 150-150.md
  ÔÅ¡´©Å  Atlan─▒yor (Zaten var): 151-151.md

­şôû Kitap: Sikke-i Tasdik-i Gaybi
  ­şôÑ https://sorularlarisale.com/risale-i-nur-kulliyati/sikke-i-tasdik-i-gaybi
  ­şöı Container found for TOC: html not-front not-logged-in no-sidebars page-taxonomy page-taxonomy-term page-taxonomy-term- page-taxonomy-term-2629 i18n-tr
  ­şöù Links found: 7. First 3: [
  'Takdim',
  "Risale-i Nur'dan Parlak F─▒kralar ve Bir K─▒s─▒m G├╝zel Mektuplar",
  'Yirmi Yedinci Mektuptan M├╝him Par├ğalar'
]
  ­şôï 7 b├Âl├╝m bulundu
  ÔÅ¡´©Å  Atlan─▒yor (Zaten var): 001-takdim.md
  ÔÅ¡´©Å  Atlan─▒yor (Zaten var): 002-risale-i-nurdan-parlak-fikralar-ve-bir-kisim-guzel-mektuplar-0.md
  ÔÅ¡´©Å  Atlan─▒yor (Zaten var): 003-yirmi-yedinci-mektuptan-muhim-parcalar.md
  ÔÅ¡´©Å  Atlan─▒yor (Zaten var): 004-yirmi-sekizinci-lemanin-birinci-meselesi.md
  ÔÅ¡´©Å  Atlan─▒yor (Zaten var): 005-on-sekizinci-lema.md
  ÔÅ¡´©Å  Atlan─▒yor (Zaten var): 006-sekizinci-lema.md
  ÔÅ¡´©Å  Atlan─▒yor (Zaten var): 007-risale-i-nurdan-parlak-fikralar-ve-bir-kisim-guzel-mektuplar.md

­şôû Kitap: Tarih├ğe-i Hayat
  ­şôÑ https://sorularlarisale.com/risale-i-nur-kulliyati/tarihce-i-hayat
  ­şöı Container found for TOC: html not-front not-logged-in no-sidebars page-taxonomy page-taxonomy-term page-taxonomy-term- page-taxonomy-term-2630 i18n-tr
  ­şöù Links found: 10. First 3: [ '├ûns├Âz', 'Giri┼ş', '─░lk Hayat─▒' ]
  ­şôï 10 b├Âl├╝m bulundu
  ÔÅ¡´©Å  Atlan─▒yor (Zaten var): 001-onsoz.md
  ÔÅ¡´©Å  Atlan─▒yor (Zaten var): 002-giris.md
  ÔÅ¡´©Å  Atlan─▒yor (Zaten var): 003-ilk-hayati.md
  ÔÅ¡´©Å  Atlan─▒yor (Zaten var): 004-barla-hayati.md
  ÔÅ¡´©Å  Atlan─▒yor (Zaten var): 005-eskisehir-hayati.md
  ÔÅ¡´©Å  Atlan─▒yor (Zaten var): 006-kastamonu-hayati.md
  ÔÅ¡´©Å  Atlan─▒yor (Zaten var): 007-denizli-hayati.md
  ÔÅ¡´©Å  Atlan─▒yor (Zaten var): 008-emirdag-hayati.md
  ÔÅ¡´©Å  Atlan─▒yor (Zaten var): 009-afyon-hayati.md
  ÔÅ¡´©Å  Atlan─▒yor (Zaten var): 010-isparta-hayati.md

­şôû Kitap: Mesnevi-i Nuriye
  ­şôÑ https://sorularlarisale.com/risale-i-nur-kulliyati/mesnevi-i-nuriye
  ­şöı Container found for TOC: html not-front not-logged-in no-sidebars page-taxonomy page-taxonomy-term page-taxonomy-term- page-taxonomy-term-2625 i18n-tr
  ­şöù Links found: 20. First 3: [ '─░tizar', 'Mukaddime', "Lem'alar" ]
  ­şôï 20 b├Âl├╝m bulundu
  ÔÅ¡´©Å  Atlan─▒yor (Zaten var): 001-itizar.md
  ÔÅ¡´©Å  Atlan─▒yor (Zaten var): 002-mukaddime.md
  ÔÅ¡´©Å  Atlan─▒yor (Zaten var): 003-lemalar.md
  ÔÅ¡´©Å  Atlan─▒yor (Zaten var): 004-reshalar.md
  ÔÅ¡´©Å  Atlan─▒yor (Zaten var): 005-lasiyyemalar.md
  ÔÅ¡´©Å  Atlan─▒yor (Zaten var): 006-katre.md
  ÔÅ¡´©Å  Atlan─▒yor (Zaten var): 007-katrenin-zeyli.md
  ÔÅ¡´©Å  Atlan─▒yor (Zaten var): 008-hubab.md
  ÔÅ¡´©Å  Atlan─▒yor (Zaten var): 009-zeylul-hubab.md
  ÔÅ¡´©Å  Atlan─▒yor (Zaten var): 010-habbe.md
  ÔÅ¡´©Å  Atlan─▒yor (Zaten var): 011-zeylul-habbe.md
  ÔÅ¡´©Å  Atlan─▒yor (Zaten var): 012-zeyluz-zeyl.md
  ÔÅ¡´©Å  Atlan─▒yor (Zaten var): 013-zuhre.md
  ÔÅ¡´©Å  Atlan─▒yor (Zaten var): 014-zerre.md
  ÔÅ¡´©Å  Atlan─▒yor (Zaten var): 015-semme.md
  ÔÅ¡´©Å  Atlan─▒yor (Zaten var): 016-onuncu-risale.md
  ÔÅ¡´©Å  Atlan─▒yor (Zaten var): 017-on-dorduncu-resha.md
  ÔÅ¡´©Å  Atlan─▒yor (Zaten var): 018-sule.md
  ÔÅ¡´©Å  Atlan─▒yor (Zaten var): 019-sulenin-zeyli.md
  ÔÅ¡´©Å  Atlan─▒yor (Zaten var): 020-nokta.md

­şôû Kitap: ─░┼şarat├╝'l-─░'caz
  ­şôÑ https://sorularlarisale.com/risale-i-nur-kulliyati/isaratul-icaz
  ­şöı Container found for TOC: html not-front not-logged-in no-sidebars page-taxonomy page-taxonomy-term page-taxonomy-term- page-taxonomy-term-2626 i18n-tr
  ­şöù Links found: 7. First 3: [ 'Tenbih', "─░fadet├╝'l-Meram", 'KurÔÇÖ├ón nedir, tarifi nas─▒ld─▒r?' ]
  ­şôï 7 b├Âl├╝m bulundu
  ÔÅ¡´©Å  Atlan─▒yor (Zaten var): 001-tenbih.md
  ÔÅ¡´©Å  Atlan─▒yor (Zaten var): 002-ifadetul-meram.md
  ÔÅ¡´©Å  Atlan─▒yor (Zaten var): 003-kuran-nedir-tarifi-nasildir.md
  ÔÅ¡´©Å  Atlan─▒yor (Zaten var): 004-fatiha-suresi.md
  ÔÅ¡´©Å  Atlan─▒yor (Zaten var): 005-bakara-suresi.md
  ÔÅ¡´©Å  Atlan─▒yor (Zaten var): 006-ecnebi-filozoflarin-kurani-tasdiklerine-dair-sehadetleri.md
  ÔÅ¡´©Å  Atlan─▒yor (Zaten var): 007-bir-mudafaa-takriz.md

­şôû Kitap: Asa-y─▒ Musa
  ­şôÑ https://sorularlarisale.com/risale-i-nur-kulliyati/asa-yi-musa
  ­şöı Container found for TOC: field field-name-body field-type-text-with-summary field-label-hidden
  ­şöù Links found: 0. First 3: []
  ­şôï 0 b├Âl├╝m bulundu

­şôû Kitap: Muhakemat
  ­şôÑ https://sorularlarisale.com/risale-i-nur-kulliyati/muhakemat
  ­şöı Container found for TOC: field field-name-body field-type-text-with-summary field-label-hidden
  ­şöù Links found: 0. First 3: []
  ­şôï 0 b├Âl├╝m bulundu

­şôû Kitap: M├╝n├ózarat
  ­şôÑ https://sorularlarisale.com/risale-i-nur-kulliyati/munazarat
  ­şöı Container found for TOC: field field-name-body field-type-text-with-summary field-label-hidden
  ­şöù Links found: 0. First 3: []
  ­şôï 0 b├Âl├╝m bulundu

­şôû Kitap: S├╝n├╗hat
  ­şôÑ https://sorularlarisale.com/risale-i-nur-kulliyati/sunuhat
  ­şöı Container found for TOC: field field-name-body field-type-text-with-summary field-label-hidden
  ­şöù Links found: 0. First 3: []
  ­şôï 0 b├Âl├╝m bulundu

­şôû Kitap: ─░┼ş├ór├ót
  ­şôÑ https://sorularlarisale.com/risale-i-nur-kulliyati/isarat
  ­şöı Container found for TOC: field field-name-body field-type-text-with-summary field-label-hidden
  ­şöù Links found: 0. First 3: []
  ­şôï 0 b├Âl├╝m bulundu

­şôû Kitap: Tul├╗├ót
  ­şôÑ https://sorularlarisale.com/risale-i-nur-kulliyati/tuluat
  ­şöı Container found for TOC: field field-name-body field-type-text-with-summary field-label-hidden
  ­şöù Links found: 0. First 3: []
  ­şôï 0 b├Âl├╝m bulundu

­şôû Kitap: ┼Şu├ó├ót
  ­şôÑ https://sorularlarisale.com/risale-i-nur-kulliyati/suaat
  ­şöı Container found for TOC: field field-name-body field-type-text-with-summary field-label-hidden
  ­şöù Links found: 0. First 3: []
  ­şôï 0 b├Âl├╝m bulundu

­şôû Kitap: Rum├╗z
  ­şôÑ https://sorularlarisale.com/risale-i-nur-kulliyati/rumuz
  ­şöı Container found for TOC: field field-name-body field-type-text-with-summary field-label-hidden
  ­şöù Links found: 0. First 3: []
  ­şôï 0 b├Âl├╝m bulundu

­şôû Kitap: Divan-─▒ Harb-i ├ûrf├«
  ­şôÑ https://sorularlarisale.com/risale-i-nur-kulliyati/divan-i-harb-i-orfi
  ­şöı Container found for TOC: field field-name-body field-type-text-with-summary field-label-hidden
  ­şöù Links found: 0. First 3: []
  ­şôï 0 b├Âl├╝m bulundu

­şôû Kitap: Hutuv├ót-─▒ Sitte
  ­şôÑ https://sorularlarisale.com/risale-i-nur-kulliyati/hutuvat-i-sitte
  ­şöı Container found for TOC: field field-name-body field-type-text-with-summary field-label-hidden
  ­şöù Links found: 0. First 3: []
  ­şôï 0 b├Âl├╝m bulundu

­şôû Kitap: Hutbe-i ┼Ş├ómiye
  ­şôÑ https://sorularlarisale.com/risale-i-nur-kulliyati/hutbe-i-samiye
  ­şöı Container found for TOC: field field-name-body field-type-text-with-summary field-label-hidden
  ­şöù Links found: 0. First 3: []
  ­şôï 0 b├Âl├╝m bulundu

­şôû Kitap: Nokta Risalesi
  ­şôÑ https://sorularlarisale.com/risale-i-nur-kulliyati/nokta-risalesi
  ­şöı Container found for TOC: field field-name-body field-type-text-with-summary field-label-hidden
  ­şöù Links found: 0. First 3: []
  ­şôï 0 b├Âl├╝m bulundu

­şôû Kitap: Nur'un ─░lk Kap─▒s─▒
  ­şôÑ https://sorularlarisale.com/risale-i-nur-kulliyati/nurun-ilk-kapisi
  ­şöı Container found for TOC: field field-name-body field-type-text-with-summary field-label-hidden
  ­şöù Links found: 0. First 3: []
  ­şôï 0 b├Âl├╝m bulundu

Ô£à K├╝lliyat tamamland─▒: 887 b├Âl├╝m kaydedildi


ÔòÉÔòÉÔòÉÔòÉÔòÉÔòÉÔòÉÔòÉÔòÉÔòÉÔòÉÔòÉÔòÉÔòÉÔòÉÔòÉÔòÉÔòÉÔòÉÔòÉÔòÉÔòÉÔòÉÔòÉÔòÉÔòÉÔòÉÔòÉÔòÉÔòÉÔòÉÔòÉÔòÉÔòÉÔòÉÔòÉÔòÉÔòÉÔòÉ
  Ô£à Tamamland─▒!
ÔòÉÔòÉÔòÉÔòÉÔòÉÔòÉÔòÉÔòÉÔòÉÔòÉÔòÉÔòÉÔòÉÔòÉÔòÉÔòÉÔòÉÔòÉÔòÉÔòÉÔòÉÔòÉÔòÉÔòÉÔòÉÔòÉÔòÉÔòÉÔòÉÔòÉÔòÉÔòÉÔòÉÔòÉÔòÉÔòÉÔòÉÔòÉÔòÉ

